,Allegan,Genesee,Grand Traverse,Ingham,Kent,Marquette,Midland,Saginaw,Washtenaw,Wayne
2020-03-01,55.0,34.0,50.0,47.0,52.0,42.0,48.0,35.0,36.0,44.0
2020-03-02,50.0,47.0,43.0,50.0,46.0,34.0,49.0,47.0,47.0,53.0
2020-03-03,41.0,48.0,43.0,45.0,39.0,34.0,42.0,51.0,53.0,50.0
2020-03-04,40.0,47.0,37.0,45.0,42.0,32.0,43.0,44.0,50.0,48.0
2020-03-05,50.0,43.0,46.0,49.0,48.0,33.0,47.0,42.0,48.0,48.0
2020-03-06,39.0,48.0,36.0,36.0,36.0,26.0,37.0,49.0,50.0,37.0
2020-03-07,49.0,33.0,48.0,46.0,48.0,45.0,45.0,33.0,36.0,45.0
2020-03-08,63.0,46.0,58.0,62.0,62.0,54.0,60.0,47.0,46.0,61.0
2020-03-09,57.0,60.0,56.0,59.0,57.0,40.0,58.0,62.0,61.0,63.0
2020-03-10,55.0,62.0,36.0,53.0,52.0,33.0,50.0,59.0,61.0,54.0
2020-03-11,42.0,48.0,42.0,41.0,41.0,42.0,41.0,51.0,52.0,45.0
2020-03-12,54.0,47.0,49.0,54.0,53.0,34.0,51.0,43.0,43.0,50.0
2020-03-13,43.0,51.0,42.0,50.0,42.0,33.0,49.0,53.0,52.0,49.0
2020-03-14,37.0,43.0,33.0,37.0,36.0,24.0,35.0,44.0,49.0,37.0
2020-03-15,46.0,36.0,38.0,44.0,44.0,32.0,35.0,35.0,38.0,46.0
2020-03-16,43.0,41.0,43.0,46.0,43.0,32.0,44.0,35.0,47.0,47.0
2020-03-17,39.0,45.0,43.0,48.0,44.0,34.0,49.0,47.0,48.0,53.0
2020-03-18,46.0,47.0,40.0,47.0,45.0,38.0,44.0,49.0,52.0,46.0
2020-03-19,63.0,46.0,51.0,58.0,60.0,35.0,48.0,48.0,46.0,53.0
2020-03-20,60.0,62.0,43.0,61.0,61.0,31.0,56.0,59.0,62.0,65.0
2020-03-21,35.0,50.0,29.0,33.0,34.0,30.0,30.0,46.0,62.0,39.0
2020-03-22,39.0,33.0,40.0,39.0,38.0,33.0,41.0,32.0,39.0,39.0
2020-03-23,41.0,40.0,42.0,38.0,38.0,38.0,44.0,44.0,40.0,44.0
2020-03-24,50.0,38.0,48.0,44.0,47.0,46.0,44.0,41.0,44.0,43.0
2020-03-25,54.0,46.0,59.0,56.0,57.0,40.0,54.0,49.0,45.0,57.0
2020-03-26,51.0,55.0,41.0,54.0,52.0,37.0,51.0,56.0,57.0,60.0
2020-03-27,54.0,54.0,51.0,51.0,51.0,48.0,49.0,51.0,58.0,46.0
2020-03-28,52.0,53.0,50.0,49.0,48.0,45.0,42.0,54.0,51.0,51.0
2020-03-29,58.0,54.0,55.0,58.0,55.0,35.0,59.0,52.0,50.0,63.0
2020-03-30,42.0,61.0,40.0,42.0,41.0,34.0,44.0,61.0,62.0,48.0
2020-03-31,44.0,43.0,43.0,41.0,42.0,33.0,,44.0,45.0,44.0
2020-04-01,48.0,41.0,51.0,49.0,49.0,44.0,49.0,40.0,43.0,50.0
2020-04-02,54.0,47.0,54.0,60.0,60.0,53.0,61.0,48.0,49.0,61.0
2020-04-03,64.0,58.0,61.0,63.0,66.0,56.0,57.0,63.0,60.0,65.0
2020-04-04,53.0,57.0,48.0,52.0,51.0,38.0,50.0,60.0,63.0,60.0
2020-04-05,54.0,56.0,47.0,54.0,57.0,50.0,54.0,53.0,58.0,58.0
2020-04-06,60.0,52.0,55.0,62.0,63.0,47.0,59.0,53.0,58.0,57.0
2020-04-07,72.0,59.0,62.0,72.0,74.0,46.0,56.0,61.0,61.0,71.0
2020-04-08,60.0,67.0,62.0,67.0,63.0,51.0,66.0,62.0,72.0,72.0
2020-04-09,46.0,67.0,44.0,48.0,44.0,33.0,47.0,68.0,71.0,50.0
2020-04-10,40.0,45.0,38.0,43.0,41.0,33.0,44.0,47.0,48.0,47.0
2020-04-11,59.0,43.0,57.0,57.0,58.0,52.0,57.0,45.0,45.0,58.0
2020-04-12,65.0,54.0,51.0,63.0,62.0,38.0,61.0,58.0,58.0,61.0
2020-04-13,54.0,62.0,53.0,54.0,53.0,29.0,54.0,65.0,61.0,55.0
2020-04-14,38.0,52.0,36.0,39.0,37.0,26.0,38.0,52.0,53.0,44.0
2020-04-15,36.0,39.0,37.0,36.0,35.0,29.0,39.0,39.0,44.0,40.0
2020-04-16,41.0,36.0,42.0,41.0,40.0,34.0,42.0,40.0,39.0,44.0
2020-04-17,40.0,39.0,49.0,38.0,39.0,40.0,41.0,42.0,44.0,36.0
2020-04-18,54.0,41.0,58.0,55.0,54.0,52.0,56.0,41.0,35.0,54.0
2020-04-19,53.0,55.0,48.0,60.0,57.0,34.0,56.0,57.0,54.0,64.0
2020-04-20,58.0,59.0,58.0,58.0,56.0,45.0,58.0,58.0,63.0,58.0
2020-04-21,41.0,58.0,37.0,42.0,41.0,29.0,44.0,59.0,58.0,48.0
2020-04-22,47.0,39.0,38.0,36.0,40.0,35.0,38.0,39.0,43.0,38.0
2020-04-23,52.0,38.0,42.0,42.0,46.0,43.0,46.0,37.0,38.0,44.0
2020-04-24,52.0,40.0,49.0,54.0,55.0,50.0,52.0,46.0,45.0,59.0
2020-04-25,54.0,52.0,56.0,55.0,54.0,53.0,55.0,52.0,58.0,55.0
2020-04-26,65.0,56.0,59.0,61.0,65.0,47.0,60.0,57.0,56.0,62.0
2020-04-27,62.0,59.0,60.0,63.0,60.0,50.0,60.0,58.0,64.0,63.0
2020-04-28,71.0,61.0,58.0,71.0,71.0,44.0,70.0,63.0,63.0,68.0
2020-04-29,60.0,70.0,57.0,64.0,60.0,39.0,,72.0,71.0,69.0
2020-04-30,52.0,65.0,47.0,55.0,50.0,53.0,57.0,65.0,67.0,55.0
2020-05-01,58.0,57.0,62.0,65.0,66.0,67.0,64.0,56.0,52.0,66.0
2020-05-02,69.0,62.0,73.0,75.0,70.0,69.0,74.0,66.0,66.0,80.0
2020-05-03,66.0,76.0,66.0,71.0,67.0,46.0,71.0,76.0,79.0,73.0
2020-05-04,53.0,71.0,46.0,58.0,59.0,39.0,56.0,71.0,73.0,59.0
2020-05-05,54.0,55.0,50.0,52.0,54.0,50.0,49.0,58.0,59.0,52.0
2020-05-06,55.0,53.0,60.0,61.0,61.0,54.0,60.0,52.0,51.0,61.0
2020-05-07,57.0,60.0,50.0,62.0,59.0,39.0,57.0,63.0,61.0,66.0
2020-05-08,43.0,59.0,39.0,44.0,44.0,31.0,44.0,58.0,65.0,46.0
2020-05-09,51.0,40.0,53.0,51.0,51.0,47.0,52.0,42.0,46.0,53.0
2020-05-10,54.0,51.0,42.0,56.0,53.0,33.0,47.0,53.0,52.0,61.0
2020-05-11,45.0,54.0,43.0,48.0,48.0,40.0,51.0,49.0,62.0,47.0
2020-05-12,54.0,46.0,47.0,58.0,56.0,43.0,56.0,50.0,47.0,60.0
2020-05-13,65.0,57.0,58.0,62.0,64.0,57.0,60.0,57.0,59.0,57.0
2020-05-14,66.0,61.0,58.0,64.0,63.0,52.0,62.0,64.0,62.0,61.0
2020-05-15,70.0,62.0,68.0,74.0,73.0,54.0,71.0,62.0,63.0,72.0
2020-05-16,69.0,72.0,63.0,69.0,67.0,57.0,58.0,74.0,71.0,69.0
2020-05-17,57.0,68.0,62.0,57.0,67.0,51.0,57.0,61.0,73.0,60.0
2020-05-18,60.0,58.0,58.0,60.0,57.0,53.0,53.0,61.0,60.0,60.0
2020-05-19,63.0,59.0,74.0,65.0,63.0,64.0,58.0,55.0,61.0,69.0
2020-05-20,73.0,68.0,73.0,69.0,71.0,73.0,68.0,66.0,66.0,65.0
2020-05-21,75.0,69.0,69.0,74.0,75.0,78.0,71.0,74.0,67.0,68.0
2020-05-22,68.0,74.0,77.0,71.0,69.0,79.0,74.0,,69.0,65.0
2020-05-23,80.0,70.0,74.0,76.0,79.0,72.0,75.0,77.0,68.0,72.0
2020-05-24,81.0,74.0,76.0,86.0,81.0,76.0,83.0,78.0,75.0,87.0
2020-05-25,84.0,85.0,87.0,87.0,86.0,86.0,87.0,86.0,86.0,85.0
2020-05-26,90.0,86.0,91.0,88.0,90.0,87.0,89.0,88.0,88.0,87.0
2020-05-27,83.0,89.0,90.0,85.0,87.0,83.0,86.0,92.0,90.0,80.0
2020-05-28,76.0,86.0,78.0,76.0,76.0,67.0,78.0,90.0,83.0,79.0
2020-05-29,68.0,75.0,70.0,72.0,70.0,59.0,70.0,80.0,80.0,74.0
2020-05-30,66.0,70.0,59.0,68.0,66.0,49.0,65.0,72.0,72.0,70.0
2020-05-31,62.0,66.0,65.0,64.0,64.0,69.0,64.0,66.0,70.0,65.0
2020-06-01,75.0,62.0,76.0,71.0,71.0,72.0,72.0,65.0,65.0,74.0
2020-06-02,86.0,73.0,91.0,88.0,85.0,87.0,87.0,75.0,73.0,89.0
2020-06-03,78.0,88.0,84.0,83.0,80.0,76.0,84.0,89.0,88.0,83.0
2020-06-04,80.0,82.0,77.0,84.0,84.0,80.0,85.0,85.0,82.0,84.0
2020-06-05,82.0,84.0,74.0,86.0,83.0,73.0,84.0,86.0,85.0,89.0
2020-06-06,76.0,84.0,65.0,80.0,78.0,57.0,76.0,86.0,87.0,83.0
2020-06-07,79.0,76.0,69.0,75.0,77.0,59.0,70.0,77.0,81.0,78.0
2020-06-08,88.0,78.0,91.0,83.0,86.0,86.0,83.0,74.0,78.0,81.0
2020-06-09,93.0,81.0,95.0,90.0,93.0,87.0,90.0,86.0,84.0,90.0
2020-06-10,83.0,90.0,81.0,88.0,83.0,72.0,88.0,94.0,91.0,91.0
2020-06-11,76.0,89.0,74.0,76.0,75.0,65.0,74.0,88.0,90.0,78.0
2020-06-12,74.0,74.0,58.0,70.0,69.0,52.0,69.0,75.0,76.0,74.0
2020-06-13,69.0,67.0,65.0,66.0,66.0,60.0,62.0,75.0,74.0,68.0
2020-06-14,72.0,64.0,71.0,70.0,71.0,69.0,66.0,66.0,68.0,70.0
2020-06-15,77.0,69.0,78.0,76.0,76.0,75.0,72.0,68.0,72.0,76.0
2020-06-16,81.0,76.0,84.0,83.0,82.0,84.0,80.0,74.0,78.0,82.0
2020-06-17,84.0,80.0,84.0,84.0,84.0,85.0,84.0,83.0,83.0,84.0
2020-06-18,86.0,82.0,88.0,87.0,86.0,86.0,85.0,87.0,85.0,87.0
2020-06-19,89.0,86.0,91.0,90.0,89.0,84.0,89.0,88.0,87.0,86.0
2020-06-20,90.0,87.0,89.0,93.0,90.0,64.0,90.0,90.0,87.0,90.0
2020-06-21,78.0,89.0,79.0,86.0,82.0,76.0,84.0,92.0,91.0,85.0
2020-06-22,87.0,85.0,75.0,86.0,85.0,69.0,86.0,85.0,82.0,83.0
2020-06-23,71.0,84.0,67.0,72.0,72.0,64.0,73.0,88.0,86.0,80.0
2020-06-24,74.0,73.0,74.0,77.0,74.0,71.0,75.0,75.0,77.0,77.0
2020-06-25,76.0,74.0,81.0,81.0,78.0,78.0,81.0,76.0,75.0,82.0
2020-06-26,79.0,79.0,86.0,84.0,81.0,83.0,84.0,82.0,80.0,84.0
2020-06-27,81.0,83.0,81.0,86.0,84.0,77.0,86.0,85.0,84.0,86.0
2020-06-28,87.0,84.0,79.0,86.0,84.0,80.0,86.0,86.0,86.0,87.0
2020-06-29,89.0,84.0,92.0,87.0,88.0,85.0,88.0,87.0,85.0,87.0
2020-06-30,89.0,86.0,93.0,87.0,88.0,87.0,87.0,91.0,87.0,87.0
2020-07-01,89.0,88.0,87.0,88.0,88.0,88.0,87.0,89.0,89.0,87.0
2020-07-02,91.0,88.0,92.0,93.0,91.0,87.0,93.0,89.0,88.0,90.0
2020-07-03,87.0,90.0,88.0,95.0,92.0,85.0,94.0,94.0,90.0,94.0
2020-07-04,90.0,90.0,90.0,89.0,89.0,89.0,89.0,90.0,92.0,90.0
2020-07-05,87.0,91.0,92.0,93.0,91.0,84.0,93.0,92.0,90.0,91.0
2020-07-06,89.0,91.0,95.0,94.0,92.0,89.0,94.0,94.0,91.0,92.0
2020-07-07,90.0,93.0,91.0,95.0,92.0,81.0,92.0,95.0,91.0,95.0
2020-07-08,89.0,93.0,92.0,94.0,89.0,85.0,91.0,93.0,93.0,92.0
2020-07-09,90.0,92.0,94.0,95.0,92.0,85.0,95.0,94.0,93.0,92.0
2020-07-10,80.0,93.0,78.0,81.0,80.0,78.0,82.0,95.0,93.0,87.0
2020-07-11,82.0,80.0,84.0,86.0,83.0,73.0,85.0,81.0,83.0,86.0
2020-07-12,78.0,81.0,74.0,82.0,80.0,70.0,80.0,86.0,84.0,83.0
2020-07-13,77.0,83.0,80.0,81.0,80.0,77.0,83.0,80.0,82.0,82.0
2020-07-14,84.0,78.0,84.0,84.0,82.0,69.0,84.0,84.0,80.0,84.0
2020-07-15,87.0,82.0,81.0,88.0,86.0,76.0,87.0,85.0,86.0,87.0
2020-07-16,78.0,86.0,80.0,79.0,82.0,82.0,79.0,89.0,90.0,80.0
2020-07-17,84.0,76.0,89.0,87.0,85.0,81.0,86.0,80.0,78.0,86.0
2020-07-18,92.0,84.0,91.0,91.0,90.0,86.0,90.0,87.0,87.0,90.0
2020-07-19,84.0,88.0,84.0,83.0,81.0,78.0,82.0,91.0,91.0,85.0
2020-07-20,79.0,82.0,73.0,84.0,81.0,64.0,82.0,82.0,85.0,86.0
2020-07-21,82.0,81.0,75.0,83.0,82.0,66.0,78.0,84.0,85.0,83.0
2020-07-22,81.0,80.0,83.0,84.0,82.0,58.0,85.0,81.0,85.0,84.0
2020-07-23,83.0,84.0,79.0,84.0,81.0,72.0,77.0,85.0,84.0,85.0
2020-07-24,85.0,84.0,86.0,83.0,83.0,81.0,79.0,81.0,83.0,85.0
2020-07-25,85.0,80.0,91.0,88.0,86.0,90.0,86.0,83.0,84.0,87.0
2020-07-26,92.0,85.0,92.0,93.0,91.0,80.0,91.0,88.0,89.0,91.0
2020-07-27,80.0,91.0,83.0,87.0,81.0,77.0,85.0,93.0,91.0,86.0
2020-07-28,82.0,85.0,84.0,85.0,83.0,76.0,84.0,89.0,86.0,86.0
2020-07-29,84.0,84.0,80.0,86.0,84.0,71.0,82.0,89.0,85.0,86.0
2020-07-30,84.0,83.0,79.0,81.0,81.0,73.0,80.0,,86.0,83.0
2020-07-31,82.0,79.0,79.0,82.0,81.0,74.0,80.0,82.0,84.0,77.0
2020-08-01,79.0,80.0,84.0,77.0,77.0,80.0,77.0,82.0,85.0,81.0
2020-08-02,78.0,78.0,81.0,77.0,78.0,65.0,76.0,80.0,79.0,75.0
2020-08-03,76.0,78.0,67.0,79.0,76.0,62.0,73.0,76.0,74.0,84.0
2020-08-04,71.0,75.0,71.0,71.0,72.0,60.0,68.0,74.0,83.0,76.0
2020-08-05,75.0,66.0,76.0,76.0,75.0,72.0,74.0,69.0,72.0,75.0
2020-08-06,79.0,74.0,82.0,78.0,78.0,79.0,77.0,75.0,76.0,79.0
2020-08-07,84.0,73.0,85.0,81.0,81.0,80.0,80.0,81.0,79.0,81.0
2020-08-08,85.0,79.0,76.0,83.0,83.0,79.0,81.0,84.0,82.0,84.0
2020-08-09,90.0,81.0,89.0,89.0,88.0,87.0,88.0,83.0,83.0,90.0
2020-08-10,87.0,87.0,89.0,89.0,87.0,75.0,88.0,90.0,89.0,89.0
2020-08-11,80.0,86.0,84.0,83.0,82.0,81.0,82.0,90.0,90.0,87.0
2020-08-12,86.0,80.0,89.0,88.0,85.0,84.0,86.0,,83.0,85.0
2020-08-13,87.0,85.0,83.0,85.0,85.0,78.0,85.0,88.0,86.0,87.0
2020-08-14,90.0,85.0,91.0,87.0,87.0,84.0,84.0,90.0,86.0,86.0
2020-08-15,85.0,85.0,84.0,90.0,86.0,74.0,83.0,89.0,86.0,88.0
2020-08-16,83.0,86.0,81.0,82.0,82.0,73.0,81.0,87.0,89.0,83.0
2020-08-17,81.0,77.0,80.0,84.0,82.0,68.0,82.0,81.0,80.0,83.0
2020-08-18,77.0,79.0,73.0,79.0,77.0,65.0,76.0,83.0,81.0,77.0
2020-08-19,80.0,74.0,77.0,78.0,78.0,71.0,77.0,76.0,76.0,78.0
2020-08-20,80.0,74.0,86.0,85.0,82.0,71.0,85.0,77.0,77.0,81.0
2020-08-21,83.0,83.0,88.0,88.0,84.0,74.0,87.0,85.0,83.0,88.0
2020-08-22,85.0,86.0,90.0,89.0,87.0,77.0,89.0,87.0,87.0,89.0
2020-08-23,86.0,87.0,87.0,88.0,85.0,81.0,87.0,89.0,90.0,90.0
2020-08-24,88.0,87.0,88.0,92.0,89.0,79.0,91.0,87.0,89.0,90.0
2020-08-25,83.0,89.0,87.0,84.0,80.0,74.0,88.0,91.0,91.0,86.0
2020-08-26,89.0,83.0,88.0,89.0,89.0,72.0,84.0,91.0,84.0,87.0
2020-08-27,88.0,89.0,83.0,92.0,86.0,74.0,83.0,85.0,88.0,94.0
2020-08-28,87.0,87.0,73.0,84.0,86.0,65.0,75.0,85.0,93.0,78.0
2020-08-29,75.0,81.0,72.0,78.0,74.0,62.0,76.0,80.0,79.0,80.0
2020-08-30,75.0,75.0,71.0,72.0,78.0,62.0,72.0,78.0,79.0,77.0
2020-08-31,81.0,68.0,77.0,79.0,79.0,65.0,77.0,,75.0,79.0
2020-09-01,77.0,78.0,76.0,83.0,78.0,67.0,76.0,81.0,82.0,84.0
2020-09-02,79.0,81.0,78.0,80.0,80.0,69.0,79.0,78.0,86.0,82.0
2020-09-03,82.0,79.0,81.0,84.0,83.0,63.0,84.0,81.0,79.0,85.0
2020-09-04,72.0,83.0,73.0,73.0,71.0,63.0,72.0,84.0,83.0,75.0
2020-09-05,75.0,71.0,74.0,78.0,76.0,66.0,72.0,72.0,74.0,78.0
2020-09-06,77.0,70.0,77.0,73.0,75.0,72.0,72.0,74.0,79.0,73.0
2020-09-07,76.0,72.0,73.0,78.0,77.0,63.0,73.0,74.0,74.0,82.0
2020-09-08,63.0,76.0,60.0,60.0,61.0,51.0,59.0,76.0,80.0,67.0
2020-09-09,62.0,57.0,55.0,62.0,59.0,49.0,60.0,59.0,63.0,70.0
2020-09-10,64.0,64.0,60.0,61.0,61.0,56.0,61.0,62.0,68.0,65.0
2020-09-11,70.0,61.0,71.0,68.0,69.0,67.0,65.0,60.0,65.0,67.0
2020-09-12,71.0,66.0,68.0,74.0,69.0,58.0,70.0,69.0,70.0,78.0
2020-09-13,69.0,75.0,70.0,71.0,68.0,64.0,70.0,74.0,81.0,76.0
2020-09-14,68.0,69.0,64.0,65.0,65.0,59.0,63.0,70.0,75.0,67.0
2020-09-15,73.0,63.0,77.0,72.0,72.0,75.0,71.0,64.0,67.0,71.0
2020-09-16,74.0,69.0,74.0,77.0,76.0,60.0,78.0,71.0,71.0,77.0
2020-09-17,69.0,76.0,60.0,66.0,65.0,53.0,64.0,,78.0,69.0
2020-09-18,62.0,63.0,57.0,60.0,60.0,53.0,58.0,64.0,68.0,63.0
2020-09-19,63.0,59.0,64.0,63.0,62.0,60.0,62.0,59.0,61.0,64.0
2020-09-20,70.0,60.0,72.0,68.0,70.0,66.0,67.0,63.0,65.0,67.0
2020-09-21,72.0,65.0,74.0,71.0,72.0,69.0,71.0,70.0,68.0,70.0
2020-09-22,73.0,70.0,79.0,77.0,75.0,78.0,75.0,73.0,71.0,74.0
2020-09-23,74.0,73.0,82.0,79.0,78.0,80.0,80.0,75.0,77.0,80.0
2020-09-24,74.0,78.0,75.0,76.0,76.0,66.0,78.0,79.0,79.0,78.0
2020-09-25,79.0,75.0,81.0,79.0,79.0,72.0,80.0,78.0,77.0,79.0
2020-09-26,76.0,79.0,79.0,80.0,80.0,68.0,80.0,82.0,80.0,82.0
2020-09-27,73.0,78.0,73.0,73.0,75.0,65.0,77.0,81.0,82.0,80.0
2020-09-28,62.0,73.0,60.0,63.0,59.0,53.0,64.0,77.0,77.0,67.0
2020-09-29,62.0,55.0,61.0,64.0,62.0,56.0,61.0,,59.0,62.0
2020-09-30,62.0,63.0,62.0,62.0,63.0,53.0,,63.0,64.0,64.0
2020-10-01,58.0,62.0,54.0,59.0,56.0,45.0,59.0,61.0,62.0,63.0
2020-10-02,52.0,56.0,50.0,53.0,50.0,43.0,52.0,59.0,61.0,57.0
2020-10-03,56.0,51.0,51.0,51.0,52.0,44.0,54.0,54.0,55.0,57.0
2020-10-04,58.0,53.0,51.0,55.0,56.0,45.0,50.0,54.0,56.0,56.0
2020-10-05,60.0,52.0,62.0,59.0,59.0,60.0,58.0,51.0,55.0,59.0
2020-10-06,66.0,58.0,70.0,68.0,65.0,64.0,69.0,60.0,62.0,70.0
2020-10-07,67.0,66.0,61.0,70.0,68.0,54.0,66.0,68.0,70.0,73.0
2020-10-08,64.0,67.0,59.0,68.0,66.0,57.0,65.0,67.0,72.0,70.0
2020-10-09,77.0,66.0,78.0,78.0,79.0,74.0,77.0,67.0,70.0,77.0
2020-10-10,72.0,75.0,72.0,71.0,73.0,61.0,72.0,77.0,80.0,76.0
2020-10-11,69.0,73.0,65.0,67.0,66.0,56.0,58.0,73.0,75.0,65.0
2020-10-12,70.0,73.0,64.0,68.0,70.0,56.0,67.0,64.0,67.0,71.0
2020-10-13,66.0,69.0,67.0,67.0,66.0,59.0,66.0,70.0,71.0,68.0
2020-10-14,69.0,66.0,59.0,69.0,66.0,48.0,60.0,67.0,69.0,66.0
2020-10-15,61.0,67.0,56.0,60.0,59.0,46.0,65.0,65.0,63.0,66.0
2020-10-16,54.0,57.0,50.0,53.0,53.0,42.0,51.0,55.0,56.0,56.0
2020-10-17,57.0,53.0,56.0,54.0,55.0,40.0,50.0,53.0,56.0,56.0
2020-10-18,57.0,54.0,57.0,53.0,55.0,39.0,54.0,54.0,56.0,61.0
2020-10-19,50.0,53.0,48.0,49.0,50.0,36.0,49.0,53.0,62.0,47.0
2020-10-20,52.0,50.0,48.0,50.0,51.0,41.0,46.0,51.0,46.0,54.0
2020-10-21,55.0,54.0,49.0,56.0,54.0,38.0,55.0,52.0,58.0,61.0
2020-10-22,68.0,55.0,48.0,62.0,64.0,38.0,50.0,56.0,59.0,60.0
2020-10-23,72.0,65.0,50.0,70.0,67.0,36.0,79.0,64.0,59.0,78.0
2020-10-24,47.0,72.0,43.0,48.0,47.0,31.0,45.0,67.0,77.0,50.0
2020-10-25,48.0,45.0,45.0,47.0,47.0,31.0,46.0,45.0,50.0,47.0
2020-10-26,42.0,48.0,41.0,43.0,42.0,32.0,42.0,49.0,46.0,48.0
2020-10-27,39.0,43.0,44.0,38.0,37.0,33.0,39.0,41.0,46.0,42.0
2020-10-28,50.0,38.0,51.0,53.0,50.0,39.0,52.0,38.0,41.0,55.0
2020-10-29,48.0,53.0,47.0,45.0,45.0,33.0,45.0,53.0,54.0,54.0
2020-10-30,39.0,45.0,36.0,39.0,38.0,35.0,35.0,45.0,51.0,41.0
2020-10-31,55.0,36.0,54.0,52.0,52.0,46.0,50.0,35.0,39.0,50.0
2020-11-01,53.0,49.0,50.0,50.0,51.0,37.0,48.0,51.0,53.0,50.0
2020-11-02,48.0,41.0,49.0,46.0,46.0,48.0,46.0,41.0,44.0,48.0
2020-11-03,62.0,47.0,65.0,64.0,64.0,61.0,59.0,47.0,49.0,59.0
2020-11-04,73.0,61.0,73.0,73.0,73.0,72.0,71.0,61.0,61.0,72.0
2020-11-05,63.0,74.0,67.0,64.0,64.0,61.0,64.0,72.0,72.0,66.0
2020-11-06,68.0,65.0,74.0,72.0,70.0,75.0,71.0,66.0,64.0,71.0
2020-11-07,70.0,71.0,74.0,71.0,71.0,72.0,70.0,71.0,73.0,71.0
2020-11-08,75.0,72.0,76.0,75.0,74.0,68.0,73.0,72.0,72.0,73.0
2020-11-09,77.0,74.0,78.0,77.0,76.0,70.0,75.0,75.0,75.0,77.0
2020-11-10,73.0,77.0,71.0,74.0,73.0,53.0,72.0,77.0,78.0,77.0
2020-11-11,54.0,75.0,61.0,60.0,57.0,34.0,61.0,74.0,77.0,65.0
2020-11-12,53.0,42.0,54.0,50.0,52.0,43.0,50.0,42.0,49.0,50.0
2020-11-13,44.0,51.0,45.0,41.0,43.0,28.0,42.0,52.0,53.0,48.0
2020-11-14,45.0,45.0,47.0,44.0,43.0,39.0,43.0,44.0,46.0,47.0
2020-11-15,54.0,49.0,53.0,54.0,53.0,40.0,50.0,47.0,47.0,54.0
2020-11-16,41.0,54.0,38.0,43.0,41.0,28.0,40.0,52.0,53.0,46.0
2020-11-17,39.0,43.0,35.0,36.0,37.0,25.0,35.0,41.0,47.0,38.0
2020-11-18,49.0,34.0,46.0,45.0,45.0,39.0,43.0,34.0,37.0,43.0
2020-11-19,63.0,46.0,60.0,63.0,64.0,45.0,62.0,45.0,43.0,63.0
2020-11-20,59.0,63.0,57.0,59.0,59.0,38.0,62.0,62.0,65.0,67.0
2020-11-21,46.0,61.0,42.0,45.0,45.0,35.0,45.0,64.0,67.0,47.0
2020-11-22,43.0,61.0,44.0,36.0,37.0,36.0,38.0,45.0,47.0,40.0
2020-11-23,45.0,36.0,40.0,44.0,44.0,32.0,43.0,37.0,35.0,47.0
2020-11-24,39.0,43.0,35.0,37.0,36.0,32.0,33.0,43.0,45.0,41.0
2020-11-25,45.0,40.0,41.0,46.0,43.0,34.0,41.0,43.0,40.0,50.0
2020-11-26,46.0,47.0,46.0,45.0,45.0,36.0,44.0,43.0,50.0,51.0
2020-11-27,46.0,47.0,41.0,43.0,44.0,33.0,43.0,44.0,46.0,46.0
2020-11-28,46.0,47.0,52.0,47.0,47.0,45.0,46.0,44.0,44.0,46.0
2020-11-29,48.0,47.0,50.0,51.0,51.0,36.0,48.0,46.0,49.0,50.0
2020-11-30,40.0,51.0,37.0,39.0,38.0,24.0,54.0,50.0,49.0,42.0
2020-12-01,40.0,33.0,38.0,38.0,39.0,30.0,38.0,34.0,33.0,36.0
2020-12-02,45.0,36.0,45.0,47.0,46.0,41.0,47.0,38.0,35.0,44.0
2020-12-03,41.0,45.0,40.0,43.0,41.0,39.0,37.0,46.0,46.0,44.0
2020-12-04,43.0,42.0,41.0,41.0,43.0,32.0,44.0,39.0,50.0,46.0
2020-12-05,38.0,42.0,34.0,34.0,37.0,28.0,36.0,43.0,47.0,38.0
2020-12-06,34.0,32.0,34.0,28.0,30.0,28.0,30.0,34.0,35.0,33.0
2020-12-07,37.0,32.0,38.0,37.0,35.0,31.0,34.0,30.0,32.0,35.0
2020-12-08,38.0,34.0,38.0,36.0,37.0,34.0,36.0,35.0,34.0,38.0
2020-12-09,45.0,36.0,44.0,47.0,45.0,45.0,39.0,36.0,37.0,43.0
2020-12-10,54.0,36.0,51.0,52.0,52.0,45.0,47.0,40.0,44.0,49.0
2020-12-11,44.0,50.0,42.0,44.0,42.0,34.0,41.0,50.0,50.0,51.0
2020-12-12,41.0,42.0,37.0,42.0,39.0,26.0,38.0,41.0,53.0,58.0
2020-12-13,37.0,49.0,33.0,36.0,34.0,22.0,31.0,40.0,54.0,36.0
2020-12-14,33.0,34.0,31.0,34.0,32.0,21.0,31.0,33.0,36.0,35.0
2020-12-15,31.0,31.0,26.0,29.0,29.0,19.0,26.0,32.0,35.0,29.0
2020-12-16,31.0,28.0,31.0,30.0,29.0,29.0,29.0,27.0,29.0,31.0
2020-12-17,32.0,29.0,30.0,31.0,29.0,27.0,29.0,29.0,29.0,31.0
2020-12-18,39.0,30.0,34.0,36.0,37.0,29.0,34.0,30.0,31.0,32.0
2020-12-19,40.0,33.0,37.0,38.0,38.0,33.0,34.0,35.0,33.0,37.0
2020-12-20,40.0,36.0,39.0,37.0,38.0,30.0,36.0,36.0,36.0,40.0
2020-12-21,40.0,37.0,36.0,38.0,39.0,30.0,37.0,36.0,38.0,39.0
2020-12-22,40.0,38.0,36.0,38.0,37.0,32.0,34.0,38.0,37.0,40.0
2020-12-23,54.0,40.0,49.0,52.0,52.0,38.0,50.0,39.0,39.0,50.0
2020-12-24,43.0,51.0,46.0,48.0,45.0,26.0,48.0,51.0,51.0,51.0
2020-12-25,27.0,28.0,26.0,24.0,24.0,19.0,23.0,,29.0,24.0
2020-12-26,29.0,24.0,28.0,27.0,27.0,20.0,27.0,25.0,24.0,28.0
2020-12-27,42.0,28.0,33.0,41.0,41.0,25.0,33.0,28.0,27.0,41.0
2020-12-28,40.0,40.0,33.0,42.0,41.0,21.0,33.0,39.0,42.0,44.0
2020-12-29,31.0,33.0,26.0,30.0,29.0,18.0,27.0,34.0,34.0,31.0
2020-12-30,37.0,32.0,35.0,37.0,36.0,25.0,36.0,31.0,31.0,43.0
2020-12-31,31.0,38.0,30.0,31.0,30.0,28.0,29.0,36.0,41.0,33.0
2021-01-01,32.0,30.0,32.0,32.0,31.0,27.0,30.0,30.0,33.0,33.0
2021-01-02,35.0,32.0,37.0,32.0,31.0,29.0,32.0,32.0,32.0,35.0
2021-01-03,35.0,32.0,35.0,35.0,33.0,37.0,33.0,33.0,33.0,35.0
2021-01-04,35.0,34.0,39.0,33.0,33.0,27.0,32.0,35.0,36.0,34.0
2021-01-05,37.0,33.0,39.0,34.0,36.0,35.0,35.0,33.0,33.0,34.0
2021-01-06,40.0,33.0,39.0,37.0,38.0,34.0,38.0,34.0,34.0,39.0
2021-01-07,38.0,36.0,37.0,36.0,38.0,30.0,38.0,36.0,37.0,36.0
2021-01-08,33.0,37.0,31.0,28.0,31.0,30.0,29.0,35.0,35.0,34.0
2021-01-09,38.0,29.0,35.0,36.0,36.0,28.0,40.0,28.0,33.0,43.0
2021-01-10,34.0,34.0,33.0,33.0,33.0,31.0,32.0,37.0,41.0,37.0
2021-01-11,32.0,30.0,33.0,29.0,29.0,26.0,30.0,31.0,36.0,31.0
2021-01-12,37.0,31.0,37.0,33.0,33.0,28.0,30.0,31.0,30.0,32.0
2021-01-13,40.0,33.0,44.0,41.0,39.0,40.0,38.0,33.0,33.0,45.0
2021-01-14,44.0,42.0,41.0,41.0,40.0,32.0,38.0,40.0,45.0,43.0
2021-01-15,39.0,44.0,39.0,38.0,37.0,33.0,36.0,42.0,44.0,41.0
2021-01-16,38.0,37.0,36.0,34.0,36.0,32.0,32.0,36.0,36.0,32.0
2021-01-17,35.0,33.0,34.0,34.0,35.0,24.0,34.0,33.0,34.0,37.0
2021-01-18,33.0,35.0,32.0,32.0,31.0,24.0,31.0,36.0,36.0,35.0
2021-01-19,31.0,32.0,29.0,29.0,30.0,19.0,30.0,31.0,34.0,34.0
2021-01-20,35.0,29.0,36.0,28.0,29.0,24.0,26.0,29.0,32.0,28.0
2021-01-21,40.0,33.0,38.0,40.0,40.0,33.0,39.0,31.0,27.0,43.0
2021-01-22,36.0,41.0,26.0,34.0,35.0,9.0,33.0,40.0,42.0,36.0
2021-01-23,30.0,24.0,27.0,29.0,31.0,20.0,27.0,22.0,27.0,30.0
2021-01-24,31.0,26.0,32.0,27.0,29.0,25.0,28.0,,30.0,28.0
2021-01-25,34.0,28.0,29.0,31.0,34.0,19.0,30.0,29.0,27.0,31.0
2021-01-26,30.0,32.0,27.0,30.0,29.0,18.0,28.0,30.0,31.0,33.0
2021-01-27,29.0,31.0,25.0,25.0,27.0,12.0,27.0,30.0,32.0,29.0
2021-01-28,25.0,25.0,21.0,22.0,24.0,16.0,23.0,25.0,29.0,23.0
2021-01-29,28.0,21.0,27.0,25.0,30.0,25.0,28.0,22.0,22.0,28.0
2021-01-30,31.0,24.0,31.0,28.0,27.0,27.0,27.0,28.0,28.0,29.0
2021-01-31,33.0,28.0,35.0,28.0,31.0,26.0,30.0,29.0,30.0,31.0
2021-02-01,34.0,30.0,29.0,30.0,34.0,31.0,29.0,30.0,30.0,32.0
2021-02-02,37.0,31.0,32.0,32.0,36.0,27.0,36.0,28.0,32.0,34.0
2021-02-03,34.0,33.0,36.0,36.0,35.0,36.0,38.0,34.0,33.0,39.0
2021-02-04,37.0,30.0,41.0,34.0,36.0,33.0,36.0,39.0,37.0,34.0
2021-02-05,32.0,37.0,33.0,34.0,32.0,25.0,36.0,38.0,35.0,35.0
2021-02-06,19.0,21.0,16.0,20.0,16.0,6.0,18.0,24.0,20.0,19.0
2021-02-07,16.0,19.0,10.0,14.0,14.0,2.0,15.0,20.0,23.0,16.0
2021-02-08,18.0,11.0,14.0,18.0,17.0,4.0,16.0,20.0,18.0,17.0
2021-02-09,18.0,18.0,15.0,19.0,15.0,7.0,19.0,19.0,19.0,24.0
2021-02-10,21.0,17.0,17.0,19.0,19.0,8.0,18.0,18.0,25.0,19.0
2021-02-11,20.0,19.0,18.0,18.0,21.0,13.0,21.0,20.0,20.0,25.0
2021-02-12,27.0,20.0,25.0,25.0,26.0,11.0,22.0,22.0,27.0,26.0
2021-02-13,22.0,23.0,23.0,21.0,20.0,7.0,21.0,22.0,26.0,22.0
2021-02-14,19.0,21.0,18.0,18.0,16.0,1.0,19.0,21.0,24.0,26.0
2021-02-15,14.0,17.0,13.0,12.0,13.0,5.0,15.0,21.0,26.0,17.0
2021-02-16,18.0,13.0,19.0,18.0,18.0,14.0,19.0,14.0,17.0,19.0
2021-02-17,23.0,16.0,26.0,22.0,23.0,22.0,21.0,17.0,21.0,22.0
2021-02-18,25.0,21.0,29.0,22.0,24.0,23.0,26.0,22.0,22.0,25.0
2021-02-19,25.0,26.0,29.0,27.0,25.0,21.0,26.0,25.0,28.0,26.0
2021-02-20,25.0,26.0,27.0,27.0,25.0,25.0,30.0,26.0,30.0,30.0
2021-02-21,34.0,26.0,37.0,31.0,33.0,32.0,32.0,29.0,32.0,33.0
2021-02-22,38.0,35.0,58.0,35.0,36.0,38.0,34.0,32.0,36.0,37.0
2021-02-23,42.0,36.0,44.0,45.0,43.0,40.0,48.0,35.0,38.0,47.0
2021-02-24,45.0,45.0,40.0,46.0,42.0,31.0,44.0,47.0,49.0,53.0
2021-02-25,37.0,47.0,35.0,39.0,37.0,31.0,38.0,40.0,53.0,42.0
2021-02-26,43.0,38.0,44.0,40.0,41.0,42.0,40.0,40.0,42.0,41.0
2021-02-27,45.0,41.0,50.0,50.0,45.0,41.0,42.0,43.0,44.0,51.0
2021-02-28,50.0,45.0,47.0,58.0,49.0,31.0,45.0,44.0,51.0,60.0
2021-03-01,37.0,57.0,33.0,37.0,36.0,20.0,37.0,48.0,59.0,41.0
2021-03-02,39.0,33.0,41.0,39.0,39.0,42.0,36.0,31.0,38.0,38.0
2021-03-03,45.0,38.0,45.0,51.0,48.0,31.0,51.0,39.0,38.0,57.0
2021-03-04,38.0,49.0,30.0,33.0,35.0,29.0,34.0,50.0,56.0,36.0
2021-03-05,41.0,31.0,38.0,42.0,43.0,35.0,41.0,33.0,34.0,42.0
2021-03-06,38.0,39.0,33.0,40.0,41.0,29.0,39.0,40.0,42.0,41.0
2021-03-07,44.0,37.0,43.0,40.0,41.0,37.0,35.0,40.0,41.0,41.0
2021-03-08,57.0,41.0,55.0,62.0,57.0,47.0,58.0,38.0,43.0,65.0
2021-03-09,68.0,63.0,59.0,63.0,65.0,51.0,57.0,62.0,66.0,57.0
2021-03-10,67.0,58.0,63.0,70.0,67.0,47.0,68.0,60.0,60.0,70.0
2021-03-11,63.0,70.0,62.0,63.0,63.0,48.0,61.0,69.0,69.0,70.0
2021-03-12,44.0,64.0,39.0,53.0,47.0,33.0,48.0,57.0,70.0,58.0
2021-03-13,48.0,50.0,53.0,52.0,49.0,51.0,51.0,50.0,57.0,53.0
2021-03-14,51.0,50.0,42.0,48.0,48.0,21.0,43.0,51.0,54.0,50.0
2021-03-15,39.0,41.0,42.0,39.0,37.0,37.0,36.0,51.0,49.0,37.0
2021-03-16,39.0,43.0,36.0,44.0,40.0,36.0,35.0,40.0,38.0,55.0
2021-03-17,55.0,44.0,36.0,59.0,55.0,44.0,46.0,38.0,53.0,57.0
2021-03-18,50.0,57.0,45.0,43.0,46.0,36.0,46.0,51.0,61.0,43.0
2021-03-19,51.0,52.0,49.0,49.0,49.0,53.0,46.0,39.0,43.0,47.0
2021-03-20,56.0,45.0,60.0,58.0,58.0,59.0,57.0,48.0,49.0,54.0
2021-03-21,65.0,55.0,68.0,66.0,65.0,60.0,65.0,59.0,59.0,63.0
2021-03-22,67.0,64.0,69.0,68.0,67.0,55.0,69.0,67.0,66.0,71.0
2021-03-23,73.0,68.0,70.0,73.0,72.0,39.0,71.0,70.0,71.0,67.0
2021-03-24,64.0,70.0,67.0,68.0,66.0,52.0,68.0,74.0,71.0,72.0
2021-03-25,51.0,69.0,49.0,56.0,49.0,28.0,55.0,69.0,70.0,66.0
2021-03-26,46.0,59.0,37.0,50.0,46.0,29.0,46.0,52.0,65.0,58.0
2021-03-27,58.0,54.0,44.0,57.0,56.0,37.0,44.0,47.0,58.0,58.0
2021-03-28,54.0,54.0,40.0,53.0,55.0,32.0,47.0,51.0,59.0,51.0
2021-03-29,57.0,55.0,55.0,52.0,54.0,45.0,51.0,46.0,48.0,51.0
2021-03-30,66.0,55.0,66.0,69.0,67.0,54.0,68.0,53.0,52.0,70.0
2021-03-31,45.0,57.0,44.0,47.0,47.0,30.0,57.0,69.0,70.0,56.0
2021-04-01,36.0,46.0,33.0,38.0,39.0,31.0,37.0,47.0,49.0,37.0
2021-04-02,45.0,35.0,49.0,47.0,47.0,49.0,47.0,37.0,36.0,47.0
2021-04-03,62.0,43.0,60.0,64.0,61.0,61.0,61.0,48.0,47.0,64.0
2021-04-04,74.0,63.0,66.0,69.0,70.0,59.0,62.0,63.0,64.0,68.0
2021-04-05,69.0,65.0,76.0,65.0,69.0,73.0,63.0,66.0,69.0,59.0
2021-04-06,77.0,64.0,76.0,80.0,76.0,71.0,76.0,64.0,57.0,78.0
2021-04-07,79.0,77.0,83.0,80.0,80.0,72.0,80.0,78.0,79.0,81.0
2021-04-08,74.0,80.0,82.0,75.0,74.0,67.0,78.0,81.0,82.0,77.0
2021-04-09,67.0,76.0,61.0,72.0,66.0,55.0,70.0,80.0,76.0,73.0
2021-04-10,69.0,71.0,64.0,74.0,70.0,54.0,67.0,72.0,74.0,73.0
2021-04-11,56.0,74.0,58.0,60.0,60.0,48.0,62.0,73.0,73.0,59.0
2021-04-12,60.0,62.0,57.0,61.0,61.0,52.0,62.0,64.0,59.0,63.0
2021-04-13,52.0,60.0,55.0,60.0,52.0,45.0,59.0,62.0,63.0,65.0
2021-04-14,46.0,62.0,43.0,49.0,44.0,38.0,48.0,62.0,65.0,58.0
2021-04-15,46.0,51.0,41.0,47.0,44.0,35.0,45.0,51.0,56.0,49.0
2021-04-16,45.0,45.0,45.0,58.0,55.0,42.0,56.0,45.0,50.0,55.0
2021-04-17,54.0,55.0,51.0,59.0,58.0,46.0,58.0,57.0,55.0,59.0
2021-04-18,58.0,57.0,54.0,60.0,59.0,57.0,61.0,60.0,61.0,62.0
2021-04-19,53.0,60.0,49.0,57.0,52.0,44.0,54.0,62.0,61.0,65.0
2021-04-20,41.0,58.0,39.0,39.0,40.0,30.0,41.0,56.0,64.0,41.0
2021-04-21,41.0,39.0,39.0,43.0,42.0,33.0,42.0,40.0,38.0,44.0
2021-04-22,47.0,41.0,49.0,49.0,47.0,52.0,50.0,42.0,43.0,50.0
2021-04-23,59.0,49.0,66.0,63.0,60.0,61.0,63.0,51.0,50.0,63.0
2021-04-24,55.0,63.0,63.0,55.0,53.0,45.0,58.0,64.0,62.0,58.0
2021-04-25,45.0,60.0,42.0,52.0,51.0,38.0,50.0,60.0,57.0,55.0
2021-04-26,67.0,50.0,45.0,57.0,63.0,32.0,51.0,50.0,54.0,56.0
2021-04-27,78.0,54.0,61.0,80.0,75.0,40.0,74.0,54.0,56.0,83.0
2021-04-28,67.0,78.0,51.0,73.0,64.0,53.0,64.0,77.0,82.0,80.0
2021-04-29,57.0,70.0,57.0,55.0,61.0,61.0,57.0,68.0,79.0,55.0
2021-04-30,53.0,72.0,50.0,55.0,51.0,50.0,53.0,55.0,51.0,57.0
2021-05-01,75.0,54.0,72.0,70.0,75.0,74.0,69.0,53.0,56.0,67.0
2021-05-02,80.0,68.0,73.0,81.0,81.0,62.0,82.0,70.0,67.0,83.0
2021-05-03,67.0,82.0,63.0,67.0,66.0,47.0,63.0,83.0,82.0,68.0
2021-05-04,57.0,62.0,50.0,62.0,61.0,45.0,59.0,62.0,61.0,64.0
2021-05-05,53.0,58.0,52.0,59.0,58.0,49.0,56.0,59.0,62.0,56.0
2021-05-06,49.0,56.0,54.0,50.0,48.0,49.0,49.0,57.0,57.0,56.0
2021-05-07,51.0,50.0,44.0,56.0,54.0,43.0,51.0,50.0,55.0,57.0
2021-05-08,50.0,53.0,52.0,56.0,53.0,49.0,55.0,52.0,58.0,58.0
2021-05-09,62.0,52.0,53.0,55.0,59.0,43.0,56.0,57.0,58.0,48.0
2021-05-10,50.0,54.0,50.0,56.0,52.0,43.0,54.0,58.0,49.0,57.0
2021-05-11,53.0,55.0,54.0,56.0,54.0,53.0,54.0,55.0,57.0,56.0
2021-05-12,59.0,54.0,60.0,64.0,62.0,61.0,66.0,55.0,55.0,65.0
2021-05-13,64.0,63.0,71.0,68.0,67.0,68.0,68.0,67.0,65.0,69.0
2021-05-14,69.0,67.0,72.0,72.0,71.0,69.0,73.0,70.0,70.0,71.0
2021-05-15,71.0,71.0,72.0,72.0,70.0,66.0,72.0,75.0,73.0,73.0
2021-05-16,70.0,71.0,68.0,69.0,68.0,71.0,67.0,73.0,74.0,70.0
2021-05-17,72.0,68.0,76.0,76.0,76.0,81.0,78.0,69.0,73.0,74.0
2021-05-18,81.0,75.0,85.0,79.0,81.0,79.0,81.0,80.0,77.0,77.0
2021-05-19,79.0,79.0,81.0,84.0,78.0,66.0,83.0,84.0,79.0,82.0
2021-05-20,85.0,83.0,88.0,87.0,86.0,76.0,86.0,85.0,84.0,86.0
2021-05-21,85.0,86.0,87.0,86.0,84.0,73.0,86.0,88.0,87.0,88.0
2021-05-22,83.0,86.0,84.0,87.0,83.0,82.0,85.0,87.0,87.0,86.0
2021-05-23,73.0,84.0,72.0,84.0,74.0,59.0,82.0,86.0,86.0,87.0
2021-05-24,84.0,79.0,83.0,83.0,83.0,72.0,73.0,79.0,87.0,78.0
2021-05-25,86.0,81.0,88.0,90.0,85.0,83.0,85.0,78.0,83.0,88.0
2021-05-26,73.0,87.0,71.0,77.0,74.0,61.0,77.0,87.0,87.0,76.0
2021-05-27,61.0,76.0,50.0,60.0,58.0,39.0,55.0,77.0,76.0,67.0
2021-05-28,54.0,60.0,59.0,47.0,51.0,50.0,49.0,59.0,68.0,50.0
2021-05-29,67.0,46.0,64.0,63.0,63.0,62.0,58.0,49.0,45.0,63.0
2021-05-30,67.0,62.0,70.0,70.0,68.0,67.0,69.0,60.0,64.0,70.0
2021-05-31,71.0,68.0,74.0,72.0,72.0,67.0,72.0,72.0,72.0,74.0
2021-06-01,74.0,71.0,76.0,77.0,74.0,75.0,76.0,75.0,74.0,75.0
2021-06-02,80.0,75.0,80.0,77.0,78.0,76.0,77.0,78.0,77.0,67.0
2021-06-03,80.0,76.0,86.0,83.0,81.0,77.0,82.0,80.0,68.0,79.0
2021-06-04,86.0,78.0,88.0,88.0,86.0,88.0,86.0,,81.0,87.0
2021-06-05,88.0,85.0,93.0,90.0,87.0,88.0,88.0,87.0,86.0,87.0
2021-06-06,89.0,87.0,92.0,91.0,88.0,91.0,91.0,90.0,86.0,89.0
2021-06-07,78.0,88.0,89.0,81.0,79.0,84.0,82.0,92.0,89.0,84.0
2021-06-08,86.0,81.0,93.0,86.0,85.0,90.0,85.0,83.0,83.0,86.0
2021-06-09,85.0,86.0,86.0,89.0,89.0,77.0,86.0,85.0,86.0,85.0
2021-06-10,87.0,89.0,85.0,88.0,87.0,83.0,91.0,90.0,89.0,87.0
2021-06-11,89.0,87.0,86.0,94.0,89.0,71.0,88.0,90.0,89.0,88.0
2021-06-12,88.0,89.0,84.0,90.0,88.0,75.0,82.0,91.0,89.0,84.0
2021-06-13,82.0,83.0,83.0,86.0,85.0,80.0,84.0,85.0,88.0,84.0
2021-06-14,75.0,81.0,75.0,80.0,79.0,72.0,76.0,83.0,82.0,80.0
2021-06-15,76.0,74.0,74.0,78.0,78.0,66.0,76.0,74.0,78.0,77.0
2021-06-16,77.0,72.0,74.0,78.0,77.0,72.0,75.0,74.0,75.0,77.0
2021-06-17,85.0,73.0,86.0,86.0,84.0,87.0,82.0,77.0,76.0,85.0
2021-06-18,82.0,83.0,91.0,83.0,83.0,81.0,83.0,84.0,85.0,82.0
2021-06-19,79.0,81.0,74.0,74.0,75.0,63.0,75.0,84.0,82.0,77.0
2021-06-20,83.0,73.0,80.0,86.0,82.0,67.0,82.0,76.0,78.0,86.0
2021-06-21,69.0,81.0,69.0,71.0,68.0,57.0,71.0,84.0,86.0,80.0
2021-06-22,69.0,73.0,68.0,69.0,68.0,60.0,64.0,73.0,77.0,69.0
2021-06-23,73.0,64.0,79.0,74.0,72.0,78.0,73.0,65.0,69.0,74.0
2021-06-24,74.0,71.0,74.0,77.0,73.0,76.0,73.0,73.0,75.0,82.0
2021-06-25,74.0,76.0,77.0,73.0,73.0,75.0,70.0,76.0,80.0,74.0
2021-06-26,78.0,73.0,73.0,80.0,77.0,72.0,75.0,72.0,73.0,84.0
2021-06-27,82.0,79.0,78.0,86.0,82.0,72.0,82.0,78.0,84.0,88.0
2021-06-28,82.0,84.0,84.0,87.0,83.0,77.0,80.0,86.0,87.0,90.0
2021-06-29,80.0,84.0,78.0,86.0,82.0,74.0,85.0,86.0,89.0,90.0
2021-06-30,79.0,85.0,82.0,84.0,81.0,77.0,84.0,86.0,89.0,81.0
2021-07-01,81.0,82.0,70.0,80.0,80.0,62.0,76.0,84.0,83.0,81.0
2021-07-02,73.0,82.0,73.0,77.0,76.0,74.0,75.0,76.0,80.0,77.0
2021-07-03,78.0,74.0,86.0,84.0,82.0,90.0,87.0,77.0,76.0,81.0
2021-07-04,81.0,82.0,92.0,90.0,88.0,89.0,89.0,87.0,81.0,90.0
2021-07-05,88.0,88.0,92.0,90.0,87.0,87.0,89.0,90.0,89.0,91.0
2021-07-06,87.0,88.0,88.0,91.0,87.0,69.0,91.0,90.0,89.0,92.0
2021-07-07,84.0,88.0,67.0,89.0,85.0,57.0,69.0,92.0,91.0,88.0
2021-07-08,69.0,88.0,63.0,80.0,74.0,66.0,63.0,72.0,87.0,79.0
2021-07-09,74.0,71.0,73.0,77.0,76.0,73.0,77.0,66.0,82.0,77.0
2021-07-10,80.0,73.0,81.0,78.0,78.0,81.0,73.0,78.0,77.0,77.0
2021-07-11,75.0,75.0,79.0,74.0,75.0,80.0,77.0,80.0,79.0,68.0
2021-07-12,77.0,75.0,86.0,72.0,72.0,81.0,74.0,75.0,68.0,74.0
2021-07-13,77.0,72.0,77.0,81.0,77.0,80.0,75.0,79.0,73.0,82.0
2021-07-14,83.0,81.0,86.0,85.0,83.0,79.0,82.0,79.0,83.0,85.0
2021-07-15,79.0,83.0,75.0,80.0,76.0,72.0,76.0,85.0,84.0,86.0
2021-07-16,75.0,79.0,78.0,73.0,74.0,79.0,70.0,79.0,85.0,74.0
2021-07-17,81.0,73.0,82.0,81.0,80.0,83.0,,77.0,68.0,83.0
2021-07-18,84.0,80.0,83.0,84.0,83.0,85.0,,80.0,81.0,87.0
2021-07-19,82.0,82.0,87.0,85.0,83.0,86.0,,84.0,83.0,86.0
2021-07-20,80.0,83.0,76.0,86.0,84.0,71.0,85.0,85.0,84.0,89.0
2021-07-21,79.0,84.0,76.0,77.0,77.0,71.0,,86.0,84.0,78.0
2021-07-22,81.0,74.0,79.0,81.0,81.0,79.0,,76.0,77.0,79.0
2021-07-23,86.0,76.0,83.0,81.0,84.0,82.0,,78.0,80.0,76.0
2021-07-24,89.0,74.0,81.0,87.0,88.0,83.0,,79.0,77.0,86.0
2021-07-25,85.0,84.0,88.0,88.0,87.0,84.0,,84.0,85.0,88.0
2021-07-26,88.0,85.0,89.0,89.0,88.0,84.0,,88.0,87.0,90.0
2021-07-27,83.0,87.0,80.0,86.0,84.0,76.0,,89.0,88.0,88.0
2021-07-28,88.0,81.0,84.0,86.0,85.0,83.0,,84.0,87.0,90.0
2021-07-29,81.0,83.0,78.0,87.0,84.0,68.0,,86.0,87.0,87.0
2021-07-30,73.0,84.0,69.0,76.0,74.0,67.0,,85.0,86.0,78.0
2021-07-31,75.0,71.0,78.0,79.0,76.0,76.0,,75.0,77.0,79.0
2021-08-01,74.0,77.0,74.0,75.0,,66.0,72.0,79.0,79.0,77.0
2021-08-02,77.0,71.0,76.0,78.0,,78.0,,71.0,75.0,78.0
2021-08-03,79.0,77.0,82.0,81.0,79.0,80.0,78.0,77.0,77.0,80.0
2021-08-04,82.0,78.0,85.0,84.0,,84.0,78.0,,81.0,83.0
2021-08-05,83.0,80.0,87.0,86.0,,80.0,80.0,,83.0,84.0
2021-08-06,81.0,83.0,79.0,87.0,,74.0,76.0,85.0,85.0,84.0
2021-08-07,83.0,82.0,80.0,89.0,,69.0,79.0,82.0,82.0,82.0
2021-08-08,89.0,80.0,87.0,89.0,,79.0,82.0,84.0,82.0,88.0
2021-08-09,82.0,84.0,85.0,88.0,,79.0,82.0,86.0,86.0,87.0
2021-08-10,89.0,84.0,86.0,89.0,,84.0,80.0,87.0,85.0,90.0
2021-08-11,87.0,84.0,89.0,88.0,,83.0,84.0,86.0,89.0,87.0
2021-08-12,84.0,86.0,85.0,88.0,,78.0,84.0,87.0,85.0,87.0
2021-08-13,81.0,84.0,81.0,85.0,,69.0,78.0,87.0,86.0,83.0
2021-08-14,78.0,80.0,79.0,79.0,77.0,72.0,75.0,81.0,81.0,79.0
2021-08-15,80.0,74.0,84.0,81.0,,86.0,76.0,78.0,78.0,77.0
2021-08-16,80.0,77.0,82.0,79.0,,82.0,74.0,82.0,78.0,75.0
2021-08-17,84.0,76.0,85.0,85.0,,83.0,77.0,81.0,78.0,82.0
2021-08-18,87.0,81.0,84.0,87.0,,86.0,81.0,,85.0,83.0
2021-08-19,88.0,84.0,86.0,89.0,86.0,87.0,84.0,87.0,85.0,86.0
2021-08-20,89.0,84.0,90.0,89.0,,88.0,83.0,89.0,88.0,87.0
2021-08-21,89.0,86.0,92.0,89.0,,85.0,86.0,90.0,89.0,87.0
2021-08-22,86.0,86.0,78.0,87.0,,68.0,78.0,91.0,89.0,91.0
2021-08-23,84.0,85.0,85.0,86.0,84.0,85.0,81.0,91.0,91.0,86.0
2021-08-24,92.0,82.0,91.0,91.0,,81.0,87.0,87.0,85.0,91.0
2021-08-25,86.0,88.0,89.0,90.0,89.0,83.0,84.0,91.0,91.0,88.0
2021-08-26,88.0,87.0,83.0,89.0,,71.0,83.0,89.0,90.0,91.0
2021-08-27,89.0,85.0,77.0,89.0,,64.0,77.0,89.0,90.0,85.0
2021-08-28,92.0,81.0,88.0,92.0,,86.0,87.0,86.0,88.0,91.0
2021-08-29,91.0,88.0,89.0,91.0,,79.0,87.0,91.0,91.0,92.0
2021-08-30,83.0,88.0,82.0,84.0,,72.0,79.0,89.0,91.0,85.0
2021-08-31,82.0,85.0,75.0,80.0,,66.0,72.0,82.0,84.0,82.0
2021-09-01,81.0,76.0,75.0,78.0,,67.0,,77.0,81.0,78.0
2021-09-02,80.0,75.0,74.0,78.0,,71.0,73.0,77.0,78.0,78.0
2021-09-03,79.0,,73.0,77.0,,74.0,71.0,77.0,77.0,75.0
2021-09-04,75.0,,71.0,77.0,,64.0,71.0,76.0,77.0,78.0
2021-09-05,79.0,,75.0,81.0,,67.0,74.0,76.0,80.0,81.0
2021-09-06,74.0,,73.0,77.0,,66.0,71.0,79.0,80.0,77.0
2021-09-07,85.0,,74.0,87.0,,72.0,79.0,75.0,76.0,87.0
2021-09-08,75.0,83.0,71.0,77.0,,61.0,73.0,83.0,87.0,79.0
2021-09-09,73.0,75.0,70.0,73.0,75.0,66.0,,76.0,78.0,73.0
2021-09-10,78.0,68.0,77.0,77.0,,74.0,,72.0,71.0,76.0
2021-09-11,83.0,,83.0,82.0,,72.0,79.0,75.0,76.0,82.0
2021-09-12,80.0,,72.0,82.0,,62.0,70.0,81.0,81.0,84.0
2021-09-13,75.0,74.0,71.0,69.0,,69.0,65.0,70.0,83.0,72.0
2021-09-14,85.0,75.0,80.0,88.0,,62.0,82.0,67.0,74.0,89.0
2021-09-15,76.0,86.0,74.0,77.0,,69.0,72.0,86.0,86.0,76.0
2021-09-16,80.0,,79.0,79.0,78.0,75.0,75.0,75.0,74.0,77.0
2021-09-17,85.0,,85.0,85.0,83.0,72.0,81.0,79.0,79.0,85.0
2021-09-18,82.0,,72.0,78.0,,71.0,,84.0,86.0,80.0
2021-09-19,90.0,,84.0,82.0,,81.0,73.0,73.0,80.0,81.0
2021-09-20,81.0,78.0,80.0,80.0,,77.0,74.0,83.0,83.0,81.0
2021-09-21,74.0,78.0,75.0,76.0,,67.0,69.0,80.0,81.0,77.0
2021-09-22,64.0,75.0,61.0,57.0,,56.0,51.0,73.0,80.0,60.0
2021-09-23,56.0,55.0,58.0,51.0,55.0,58.0,49.0,55.0,56.0,53.0
2021-09-24,76.0,56.0,73.0,73.0,73.0,73.0,,54.0,51.0,73.0
2021-09-25,66.0,,65.0,66.0,,58.0,60.0,72.0,73.0,66.0
2021-09-26,78.0,,73.0,76.0,,61.0,65.0,65.0,64.0,77.0
2021-09-27,76.0,,69.0,82.0,78.0,59.0,72.0,69.0,77.0,82.0
2021-09-28,74.0,78.0,68.0,70.0,,69.0,61.0,79.0,81.0,72.0
2021-09-29,78.0,68.0,72.0,75.0,,75.0,66.0,68.0,71.0,74.0
2021-09-30,78.0,75.0,73.0,77.0,75.0,78.0,,74.0,74.0,73.0
2021-10-01,82.0,,80.0,77.0,,82.0,72.0,75.0,74.0,74.0
2021-10-02,77.0,74.0,77.0,77.0,,74.0,75.0,78.0,77.0,77.0
2021-10-03,75.0,76.0,74.0,77.0,,62.0,65.0,81.0,76.0,77.0
2021-10-04,75.0,71.0,66.0,75.0,,59.0,62.0,69.0,75.0,77.0
2021-10-05,73.0,72.0,68.0,70.0,,66.0,67.0,64.0,74.0,74.0
2021-10-06,70.0,70.0,73.0,70.0,,72.0,65.0,71.0,67.0,70.0
2021-10-07,73.0,65.0,77.0,70.0,,71.0,62.0,73.0,68.0,74.0
2021-10-08,75.0,70.0,72.0,72.0,75.0,68.0,66.0,68.0,72.0,76.0
2021-10-09,77.0,72.0,74.0,74.0,,70.0,66.0,72.0,76.0,77.0
2021-10-10,77.0,72.0,78.0,78.0,76.0,70.0,73.0,73.0,77.0,78.0
2021-10-11,81.0,75.0,80.0,81.0,,71.0,75.0,77.0,78.0,80.0
2021-10-12,66.0,,69.0,72.0,,58.0,69.0,82.0,81.0,73.0
2021-10-13,,,69.0,73.0,,63.0,69.0,68.0,67.0,74.0
2021-10-14,70.0,72.0,71.0,76.0,,66.0,71.0,68.0,75.0,81.0
2021-10-15,67.0,76.0,65.0,63.0,,58.0,63.0,75.0,81.0,63.0
2021-10-16,58.0,60.0,54.0,57.0,,50.0,54.0,65.0,60.0,60.0
2021-10-17,64.0,,63.0,64.0,,58.0,57.0,58.0,57.0,64.0
