,Genesee,Ingham,Isabella,Kalamazoo,Kent,Macomb,Oakland,Ottawa,Washtenaw,Wayne
2020-03-01,107.71,24.92,27.51,79.94,107.21,95.87,104.93,88.02,47.6,113.44
2020-03-02,122.68,27.23,32.26,97.43,98.69,106.25,113.36,101.63,52.76,115.31
2020-03-03,116.69,29.96,34.2,87.82,99.11,112.56,117.93,88.09,51.35,120.13
2020-03-04,118.15,32.81,36.14,98.49,117.05,112.03,118.92,96.67,53.97,125.62
2020-03-05,132.8,31.19,31.66,103.58,136.93,115.13,130.71,97.12,62.02,142.29
2020-03-06,136.62,32.73,28.78,121.9,152.07,130.83,150.39,129.66,64.27,190.64
2020-03-07,161.72,40.71,27.44,167.37,204.7,150.74,187.16,160.5,92.53,209.16
2020-03-08,103.63,40.97,16.4,98.32,140.41,108.43,117.23,102.29,91.51,134.12
2020-03-09,125.1,54.4,22.02,99.78,100.3,120.76,113.14,102.14,82.47,117.14
2020-03-10,122.42,66.9,18.94,127.71,129.77,128.43,130.45,126.11,110.89,131.09
2020-03-11,111.4,47.8,14.06,96.03,120.28,99.45,112.37,110.5,76.26,109.04
2020-03-12,117.2,38.61,15.06,109.72,134.81,101.44,110.57,107.54,78.25,107.21
2020-03-13,129.43,39.98,17.14,129.39,112.52,111.68,120.68,130.33,82.58,122.65
2020-03-14,112.04,39.78,16.27,160.84,132.64,102.6,112.18,119.45,74.55,119.28
2020-03-15,94.65,23.3,17.27,76.59,71.93,84.58,84.54,83.14,49.82,89.03
2020-03-16,113.95,24.94,16.73,83.18,73.29,91.05,83.87,75.44,40.0,83.02
2020-03-17,102.68,31.33,24.23,81.79,76.39,91.66,91.59,82.91,43.18,88.35
2020-03-18,100.96,21.41,15.86,67.21,69.77,83.87,81.16,76.33,32.91,74.87
2020-03-19,102.04,19.23,12.25,67.04,63.64,82.62,77.87,77.59,32.67,74.59
2020-03-20,100.7,20.81,11.31,71.84,70.23,94.52,82.97,78.11,35.46,83.54
2020-03-21,88.03,17.05,13.59,69.11,65.96,79.21,74.06,80.03,29.45,71.4
2020-03-22,76.88,14.58,9.57,44.58,48.82,57.69,56.03,68.71,23.63,55.12
2020-03-23,90.0,16.92,10.78,61.79,60.53,77.05,66.45,68.93,27.89,60.57
2020-03-24,75.73,14.36,9.1,50.39,55.88,62.23,62.84,71.38,22.65,52.04
2020-03-25,79.94,18.19,12.65,60.34,60.05,76.62,82.24,88.39,28.71,62.23
2020-03-26,74.9,17.06,9.37,49.39,54.37,69.48,66.31,67.75,25.08,55.98
2020-03-27,76.88,17.93,12.58,62.35,61.71,73.78,71.2,73.96,26.85,60.9
2020-03-28,68.41,13.61,8.37,52.74,41.7,53.71,51.66,55.99,21.63,49.6
2020-03-29,61.53,12.36,8.77,39.61,38.86,57.03,54.45,47.49,20.34,48.05
2020-03-30,68.34,15.56,9.97,48.83,50.79,65.81,58.39,61.39,27.05,53.59
2020-03-31,72.17,16.11,11.11,53.07,48.1,64.35,59.81,61.17,23.35,53.94
2020-04-01,73.76,19.46,11.45,60.22,58.4,69.39,68.51,72.41,22.85,58.24
2020-04-02,89.87,22.85,16.73,75.42,78.68,88.39,91.95,87.2,32.19,70.11
2020-04-03,95.73,23.4,15.6,73.85,72.93,91.03,94.5,91.27,34.94,72.92
2020-04-04,81.46,15.33,8.5,53.63,48.17,70.77,69.51,56.43,27.4,59.4
2020-04-05,82.8,18.4,10.78,54.19,64.18,73.21,73.4,82.03,29.16,56.37
2020-04-06,97.45,20.94,14.86,61.4,64.82,79.85,75.92,86.09,28.67,60.4
2020-04-07,81.78,21.96,10.71,69.5,61.84,70.81,74.31,80.84,26.91,58.83
2020-04-08,90.83,22.33,17.27,75.47,63.47,101.13,95.24,83.06,32.11,75.38
2020-04-09,92.8,14.72,10.58,53.58,53.14,69.13,66.83,68.86,24.79,61.41
2020-04-10,86.05,17.41,12.12,59.33,60.15,76.42,66.76,71.82,25.04,60.7
2020-04-11,79.94,17.71,10.91,67.32,68.2,78.49,82.7,82.03,28.44,66.13
2020-04-12,60.13,11.83,7.5,46.54,44.83,50.65,54.04,53.62,21.3,47.48
2020-04-13,74.78,14.98,18.34,54.3,48.25,69.41,53.7,69.6,23.36,56.12
2020-04-14,81.97,15.13,12.52,49.66,49.63,71.94,68.59,59.39,26.13,58.66
2020-04-15,76.94,20.21,10.71,55.92,52.15,67.73,60.86,53.25,24.87,58.41
2020-04-16,79.43,15.95,12.25,61.79,56.96,75.26,67.81,62.57,26.12,64.98
2020-04-17,83.95,14.78,14.06,57.49,58.64,72.69,65.06,79.66,21.51,58.62
2020-04-18,85.41,17.4,13.99,71.17,72.65,83.95,86.67,85.06,29.62,70.49
2020-04-19,92.42,18.53,13.45,67.43,65.52,71.18,75.12,90.38,29.78,62.61
2020-04-20,101.97,19.08,14.73,72.63,69.35,85.54,85.33,112.72,30.57,75.66
2020-04-21,77.26,16.03,13.25,60.61,52.03,69.1,66.35,69.23,21.78,62.15
2020-04-22,86.43,14.53,15.26,63.63,53.83,74.28,66.39,63.24,21.07,62.43
2020-04-23,76.11,17.49,10.37,71.56,61.0,72.29,68.29,72.41,23.41,64.61
2020-04-24,95.99,18.91,10.98,81.9,68.92,94.69,92.4,85.06,27.92,77.21
2020-04-25,82.99,17.76,13.72,66.03,67.17,97.07,94.91,78.4,31.42,74.46
2020-04-26,80.76,18.63,17.14,73.46,70.38,78.65,80.13,102.51,29.25,67.28
2020-04-27,113.18,19.75,18.47,72.51,71.19,100.13,99.57,93.79,32.71,81.86
2020-04-28,119.24,25.33,18.34,83.85,86.54,111.64,108.32,112.5,34.71,89.9
2020-04-29,108.85,16.72,13.05,74.25,60.97,88.8,84.89,76.48,27.32,76.32
2020-04-30,118.92,19.94,13.92,77.49,68.33,95.33,85.25,89.35,25.98,79.47
2020-05-01,137.01,26.13,24.36,111.06,94.88,129.54,128.64,128.62,40.73,102.59
2020-05-02,108.28,25.99,25.77,99.11,90.42,117.05,119.72,131.8,40.52,101.79
2020-05-03,112.48,22.55,16.0,81.45,74.55,109.3,111.33,132.03,38.54,93.93
2020-05-04,117.01,22.97,15.33,86.54,92.93,108.63,107.6,124.19,34.83,92.99
2020-05-05,125.48,21.42,19.41,85.81,81.89,110.31,102.94,113.61,30.39,89.6
2020-05-06,129.04,22.07,19.28,99.27,95.23,126.27,120.09,115.24,36.24,102.73
2020-05-07,134.39,23.84,24.36,101.79,97.03,121.37,125.22,139.35,39.57,103.0
2020-05-08,129.55,21.98,24.97,100.5,101.44,121.85,113.91,123.37,35.92,100.27
2020-05-09,127.2,18.82,22.36,98.04,89.75,114.67,109.33,137.8,32.58,100.09
2020-05-10,108.92,15.24,13.92,68.32,54.44,95.22,83.21,72.04,23.35,79.78
2020-05-11,119.75,19.45,15.26,85.42,90.52,109.37,105.36,108.65,30.23,84.49
2020-05-12,107.77,18.47,14.79,78.44,80.01,100.52,96.8,101.26,26.27,82.88
2020-05-13,172.1,29.08,26.64,127.37,115.12,146.99,153.89,159.69,44.65,126.87
2020-05-14,134.9,25.32,21.02,96.31,99.48,126.75,113.53,107.47,32.51,107.21
2020-05-15,168.03,30.98,23.49,130.78,127.42,159.24,146.54,165.01,45.03,130.31
2020-05-16,162.93,29.73,27.64,129.39,114.31,171.01,167.06,191.79,49.04,147.63
2020-05-17,138.66,22.86,18.61,80.34,68.33,111.11,99.61,94.38,32.7,99.72
2020-05-18,136.94,29.54,23.56,105.7,113.32,133.78,115.82,111.32,35.23,107.26
2020-05-19,172.17,33.17,26.84,117.43,119.46,155.61,146.07,155.92,42.49,130.03
2020-05-20,191.21,36.28,30.46,143.24,135.23,181.73,176.29,173.74,52.08,147.67
2020-05-21,212.74,32.49,28.51,127.04,139.3,181.72,181.07,178.11,51.87,149.3
2020-05-22,207.32,35.59,30.05,138.88,131.28,170.63,165.25,166.57,51.03,145.7
2020-05-23,188.15,30.95,26.71,130.39,107.43,176.2,164.3,188.76,55.58,159.25
2020-05-24,179.94,28.45,22.76,105.25,94.05,151.4,142.49,164.05,45.63,143.17
2020-05-25,161.66,24.56,23.29,104.92,96.59,160.7,130.51,147.86,40.57,138.64
2020-05-26,194.52,30.79,27.24,126.15,122.65,182.29,173.63,164.79,48.7,153.94
2020-05-27,213.25,33.19,28.05,124.19,118.2,184.37,187.79,151.11,53.05,174.83
2020-05-28,199.11,32.18,25.7,141.4,133.18,179.37,176.42,173.0,51.3,152.67
2020-05-29,208.15,37.44,33.0,151.96,137.97,184.1,192.52,191.57,54.09,178.55
2020-05-30,197.07,37.13,29.99,146.98,161.37,181.73,187.04,180.1,60.8,177.38
2020-05-31,181.15,34.45,21.82,97.43,100.37,155.48,150.73,147.63,50.72,139.0
2020-06-01,215.73,34.42,31.33,134.69,133.89,180.07,176.91,146.45,56.2,146.09
2020-06-02,225.92,34.15,29.25,121.17,135.64,200.77,187.62,177.81,61.16,160.01
2020-06-03,202.29,36.11,32.2,125.47,146.61,188.38,183.24,169.3,53.42,165.89
2020-06-04,217.26,36.54,27.71,132.68,149.98,216.05,198.59,198.0,61.89,165.08
2020-06-05,232.93,38.48,36.28,164.3,158.74,223.45,221.75,214.57,64.78,181.08
2020-06-06,205.03,34.63,31.73,148.27,129.18,206.99,198.87,253.33,70.79,195.66
2020-06-07,174.59,28.34,24.56,104.92,98.4,170.63,168.31,165.31,57.39,151.45
2020-06-08,225.61,36.85,26.77,145.42,152.87,200.15,196.36,188.31,61.65,162.72
2020-06-09,201.53,35.61,28.11,147.88,136.59,209.48,198.15,190.83,64.78,165.89
2020-06-10,196.31,39.36,28.31,140.89,136.53,181.86,171.84,165.38,54.81,151.67
2020-06-11,224.01,40.49,40.23,162.18,166.11,221.49,218.63,212.13,74.54,185.23
2020-06-12,233.82,44.22,37.01,169.11,176.85,229.67,238.57,249.85,81.91,192.84
2020-06-13,219.68,44.06,34.4,153.3,168.57,214.46,224.0,244.38,90.68,195.29
2020-06-14,166.37,34.81,27.64,117.54,118.62,175.04,175.29,171.45,69.77,167.18
2020-06-15,213.63,40.91,29.99,158.16,160.67,213.69,209.18,215.53,74.41,173.99
2020-06-16,227.07,37.59,31.59,154.13,161.19,209.3,217.24,220.27,75.64,176.6
2020-06-17,219.68,42.93,33.4,165.2,166.28,218.86,226.55,220.41,73.98,188.74
2020-06-18,237.45,43.91,34.54,153.13,180.28,227.51,229.15,235.95,77.69,185.6
2020-06-19,279.04,47.73,39.76,193.85,196.56,242.47,254.98,283.8,96.16,234.04
2020-06-20,233.57,39.36,32.93,166.09,164.13,238.58,245.69,304.44,94.28,231.2
2020-06-21,199.11,27.65,22.02,106.31,106.25,159.11,159.23,155.1,56.71,167.16
2020-06-22,234.33,37.5,28.98,142.12,163.84,217.34,213.13,198.0,74.36,170.68
2020-06-23,230.0,38.35,30.86,163.69,168.58,214.39,213.18,225.07,75.26,178.18
2020-06-24,245.35,42.52,37.95,174.02,192.41,235.37,238.28,254.44,88.79,198.04
2020-06-25,257.13,41.17,48.26,181.9,193.57,241.13,243.71,271.6,80.78,207.12
2020-06-26,249.36,43.18,53.08,207.09,191.75,246.35,259.79,265.01,95.67,218.23
2020-06-27,244.14,42.33,45.72,197.21,203.53,239.52,254.35,312.87,98.37,244.85
2020-06-28,224.33,30.85,32.2,133.91,127.34,188.06,195.38,216.05,82.11,204.71
2020-06-29,237.58,39.25,37.42,162.12,174.56,220.31,225.21,223.96,76.68,195.09
2020-06-30,244.33,45.06,39.96,173.97,169.91,227.73,234.91,236.91,78.65,196.96
2020-07-01,253.76,42.06,39.89,187.49,176.55,229.45,242.52,238.24,79.59,205.7
2020-07-02,257.2,39.26,42.44,179.33,179.03,230.7,229.58,259.39,80.66,197.95
2020-07-03,251.34,33.71,48.13,180.06,162.11,219.35,226.24,304.51,83.52,218.29
2020-07-04,226.94,25.22,38.09,122.51,117.41,178.03,158.14,292.6,63.07,198.99
2020-07-05,184.08,25.8,26.77,130.11,108.79,176.86,158.95,190.38,60.84,182.72
2020-07-06,228.28,40.49,34.61,178.6,157.49,211.18,208.78,221.67,70.05,178.74
2020-07-07,253.69,38.16,29.65,181.96,167.93,218.71,224.07,231.8,72.94,189.1
2020-07-08,239.49,36.96,38.15,175.03,174.21,216.42,224.32,235.28,75.29,193.32
2020-07-09,251.66,40.06,42.3,179.05,174.14,234.74,235.58,229.51,75.27,207.73
2020-07-10,265.86,38.02,40.83,185.92,192.59,224.72,247.9,255.47,85.7,193.19
2020-07-11,238.85,37.48,39.56,200.73,178.66,247.18,250.95,293.34,99.72,251.75
2020-07-12,200.06,32.4,36.41,135.98,127.97,188.43,196.1,197.86,72.17,201.71
2020-07-13,235.54,40.62,35.07,170.89,173.82,216.05,230.51,253.03,78.54,196.48
2020-07-14,246.24,44.69,31.59,180.0,179.67,219.59,242.07,240.61,81.91,203.38
2020-07-15,239.04,43.69,32.53,175.08,175.55,227.75,240.2,213.09,84.0,208.32
2020-07-16,228.09,37.98,36.88,190.17,188.98,217.23,222.42,247.63,75.15,183.91
2020-07-17,256.75,43.9,39.76,192.12,201.26,249.0,270.02,266.86,98.13,246.67
2020-07-18,237.07,38.94,37.88,171.01,174.11,236.81,249.25,305.92,97.88,253.01
2020-07-19,195.1,31.56,29.12,122.01,123.99,175.15,172.87,172.71,63.8,165.66
2020-07-20,231.91,41.51,32.86,173.74,176.65,225.0,229.09,243.49,82.0,196.24
2020-07-21,234.01,41.5,33.07,170.89,173.96,222.49,241.13,228.7,85.26,199.28
2020-07-22,230.57,42.33,28.78,189.5,176.16,229.28,238.04,273.96,82.75,205.56
2020-07-23,241.34,44.67,37.75,177.43,184.83,235.35,246.38,241.72,83.12,207.8
2020-07-24,268.66,47.68,50.74,201.73,210.7,239.04,275.5,311.61,103.41,247.94
2020-07-25,252.04,39.78,48.13,172.91,184.12,238.62,255.91,333.58,100.54,259.89
2020-07-26,194.9,33.29,45.85,127.37,133.79,189.28,195.48,191.27,80.74,200.43
2020-07-27,211.59,40.13,33.67,170.95,165.91,219.67,214.43,225.44,79.09,188.65
2020-07-28,240.83,43.81,37.42,167.99,173.47,226.24,242.64,248.3,82.79,210.74
2020-07-29,246.18,44.09,36.08,168.16,177.02,226.27,247.93,240.31,83.48,204.14
2020-07-30,249.3,49.48,35.27,175.03,189.21,221.97,242.15,260.43,90.19,203.75
2020-07-31,258.22,46.79,53.48,188.1,199.26,234.21,254.26,277.66,96.94,238.99
2020-08-01,227.39,40.4,43.98,166.03,186.73,221.64,224.41,314.94,87.26,203.7
2020-08-02,185.16,33.31,30.92,131.96,126.76,168.15,168.98,192.97,64.81,162.92
2020-08-03,221.78,43.95,34.74,165.64,179.08,215.41,216.98,230.77,84.3,189.13
2020-08-04,229.36,41.56,39.02,189.05,175.82,231.24,224.72,247.71,93.85,199.08
2020-08-05,245.73,47.28,35.68,180.28,182.69,219.24,234.78,230.4,84.63,207.26
2020-08-06,234.08,47.09,35.21,196.31,188.58,234.59,247.13,254.51,89.86,207.43
2020-08-07,273.5,49.11,45.58,217.65,210.75,240.55,275.6,287.35,99.2,256.2
2020-08-08,246.11,42.32,45.31,186.65,203.55,235.15,254.23,313.24,101.78,286.22
2020-08-09,197.13,37.92,39.63,132.96,137.01,188.01,194.02,219.45,77.98,206.59
2020-08-10,224.52,41.69,46.12,168.83,168.9,216.97,209.16,190.09,74.83,189.73
2020-08-11,214.65,44.17,48.8,184.58,177.6,224.96,226.7,247.93,82.96,201.94
2020-08-12,245.41,47.68,57.3,178.04,190.88,228.63,235.75,245.49,90.76,205.28
2020-08-13,238.79,43.92,160.44,185.03,184.86,229.04,251.49,284.32,89.34,208.35
2020-08-14,241.97,52.37,213.86,217.32,215.49,242.44,267.92,344.45,97.63,237.09
2020-08-15,231.08,44.36,250.8,191.34,193.99,230.87,265.82,377.37,109.73,266.08
2020-08-16,190.45,40.4,195.58,134.25,145.26,178.86,185.21,262.65,80.43,194.57
2020-08-17,211.85,51.9,296.39,165.14,182.85,220.77,225.39,278.92,93.41,188.65
2020-08-18,237.9,53.11,215.06,176.93,180.68,210.92,233.47,280.4,94.33,189.91
2020-08-19,234.84,53.88,184.87,169.55,189.52,220.3,232.05,257.54,95.15,199.01
2020-08-20,241.91,57.12,174.83,191.51,189.95,226.92,242.74,291.27,101.52,206.5
2020-08-21,260.13,66.22,122.69,272.12,220.68,239.8,264.66,351.04,127.02,252.25
2020-08-22,228.79,70.8,118.67,235.75,210.37,219.67,236.81,423.0,136.22,278.12
2020-08-23,208.28,54.5,71.49,172.01,145.63,179.91,182.28,273.45,128.57,201.04
2020-08-24,227.45,64.82,120.35,186.09,178.51,208.97,208.8,366.49,173.82,189.43
2020-08-25,213.89,72.42,116.06,209.61,174.63,199.5,222.57,336.61,206.22,192.33
2020-08-26,225.48,79.34,100.8,209.78,180.01,200.22,208.05,359.1,226.44,189.27
2020-08-27,233.38,82.92,96.92,240.39,197.14,210.79,225.96,377.44,242.77,199.57
2020-08-28,215.67,95.0,82.53,309.27,212.38,207.58,225.96,400.74,244.72,199.38
2020-08-29,219.11,116.16,88.96,331.17,217.47,214.69,248.92,429.29,283.93,267.31
2020-08-30,177.13,78.57,59.5,230.39,137.82,170.18,180.28,254.22,208.9,189.25
2020-08-31,219.87,100.3,73.29,250.73,183.69,213.28,202.49,349.56,209.14,191.09
2020-09-01,220.76,73.41,84.4,217.71,173.82,196.9,207.31,289.72,192.09,183.2
2020-09-02,219.04,76.44,84.61,285.47,183.05,205.28,214.15,295.86,184.95,191.67
2020-09-03,241.02,78.93,95.72,283.85,190.94,207.88,227.79,294.3,189.7,200.63
2020-09-04,255.16,88.49,86.14,276.31,223.02,226.83,256.71,335.36,240.27,242.49
2020-09-05,208.66,77.29,54.55,261.17,202.1,193.08,208.76,341.49,221.96,239.07
2020-09-06,164.65,54.74,45.72,161.56,149.14,165.85,169.57,244.38,161.9,181.41
2020-09-07,176.88,54.12,49.87,161.73,133.8,153.01,163.61,198.52,136.1,151.76
2020-09-08,182.36,50.12,56.09,204.97,143.38,183.6,168.7,197.86,128.38,155.7
2020-09-09,187.77,56.28,73.16,206.37,154.92,201.05,194.65,214.2,144.27,169.45
2020-09-10,205.48,62.07,94.51,226.93,172.83,213.32,207.16,226.26,154.02,179.82
2020-09-11,261.15,80.55,80.86,304.53,231.05,226.33,257.23,298.22,206.28,230.71
2020-09-12,221.21,68.23,74.3,225.31,218.83,228.63,249.24,317.31,217.64,264.62
2020-09-13,160.19,43.34,52.61,162.35,134.21,172.84,173.39,204.14,131.31,175.0
2020-09-14,195.48,51.49,61.85,223.8,163.84,182.36,185.11,228.55,125.86,165.26
2020-09-15,214.08,49.9,67.74,202.4,165.63,194.82,194.66,243.49,137.93,172.63
2020-09-16,205.41,58.48,83.73,213.35,181.22,209.23,204.41,248.22,131.06,181.17
2020-09-17,216.82,60.5,72.02,222.96,192.44,209.74,221.76,241.42,146.34,189.53
2020-09-18,240.13,70.26,97.52,260.34,221.3,237.16,251.05,271.82,176.85,224.71
2020-09-19,242.23,69.06,91.77,249.11,230.06,232.58,250.97,307.62,186.62,254.08
2020-09-20,185.92,45.5,52.28,161.68,139.0,174.43,179.28,174.78,123.84,166.2
2020-09-21,203.31,52.01,55.09,183.46,159.81,192.34,186.79,221.08,117.7,166.75
2020-09-22,197.32,54.01,56.83,193.58,159.59,198.17,190.35,214.13,125.8,172.49
2020-09-23,204.59,56.92,60.11,175.31,171.69,192.55,197.4,203.85,123.67,177.05
2020-09-24,211.34,57.11,69.54,201.96,186.61,196.62,211.06,227.07,130.14,181.64
2020-09-25,241.27,74.32,83.13,238.44,219.94,228.71,246.04,288.76,178.09,234.33
2020-09-26,227.01,78.24,70.88,224.58,239.11,225.72,255.41,293.34,190.23,267.69
2020-09-27,162.04,42.79,48.73,140.89,135.89,170.55,175.06,156.95,114.52,165.71
2020-09-28,171.46,45.78,44.04,157.71,139.6,172.49,166.59,177.14,96.09,149.24
2020-09-29,187.2,52.58,46.65,179.55,156.59,183.87,186.27,204.73,111.72,157.44
2020-09-30,178.73,48.79,55.49,166.98,146.66,183.56,177.05,187.5,96.59,159.81
2020-10-01,197.39,53.51,56.29,178.99,165.17,185.11,193.61,180.1,116.21,164.91
2020-10-02,214.33,76.92,64.73,204.47,200.71,217.82,230.97,231.14,157.13,202.05
2020-10-03,215.48,71.03,69.28,202.4,212.43,218.27,236.93,235.43,162.42,219.28
2020-10-04,150.64,45.16,47.12,132.91,130.53,148.95,149.48,143.2,91.27,139.07
2020-10-05,179.81,48.69,45.52,162.85,146.45,178.78,181.42,190.16,99.95,152.34
2020-10-06,202.55,55.11,48.13,162.91,158.37,174.7,190.14,179.73,111.8,154.58
2020-10-07,195.99,57.42,52.21,167.09,155.56,185.89,197.43,195.49,110.46,167.27
2020-10-08,193.44,58.95,57.56,184.86,168.04,187.05,204.07,189.57,121.38,165.68
2020-10-09,232.48,74.82,68.01,223.07,230.09,215.18,243.68,277.74,165.46,211.71
2020-10-10,222.04,70.89,70.28,236.2,236.98,201.18,241.28,291.35,180.23,234.15
2020-10-11,153.69,41.21,47.19,136.59,142.37,162.51,174.12,161.09,116.91,156.61
2020-10-12,189.81,45.01,43.04,159.11,140.57,168.32,172.59,166.79,97.67,146.26
2020-10-13,187.13,52.75,52.07,161.79,153.06,183.73,186.34,187.2,114.27,152.48
2020-10-14,192.04,49.71,53.82,168.55,150.0,179.32,190.38,177.22,111.87,153.38
2020-10-15,191.08,51.72,50.8,163.74,157.91,175.9,192.86,198.15,108.06,152.74
2020-10-16,207.58,68.16,70.95,213.07,202.59,213.58,235.93,245.12,156.69,195.21
2020-10-17,205.48,64.93,73.76,200.11,221.29,220.39,243.59,248.82,164.89,212.71
2020-10-18,146.69,37.46,39.69,116.82,112.63,146.44,148.76,124.85,94.55,134.23
2020-10-19,183.31,43.33,44.71,149.55,145.61,162.56,161.03,154.66,87.92,131.82
2020-10-20,180.83,45.96,46.72,152.18,140.52,170.07,177.8,171.3,99.56,145.21
2020-10-21,182.23,49.48,48.26,158.72,146.29,166.72,182.98,175.15,98.11,151.89
2020-10-22,191.72,47.86,52.01,161.96,153.78,175.74,174.35,167.16,99.65,152.36
2020-10-23,223.06,64.32,55.15,202.12,197.33,209.0,224.42,249.63,125.42,187.9
2020-10-24,200.45,94.95,63.52,202.18,211.73,214.74,224.81,245.71,124.64,201.79
2020-10-25,148.47,38.38,30.86,123.3,117.83,150.94,151.06,127.22,83.47,127.91
2020-10-26,171.66,42.94,35.68,149.83,137.62,167.56,161.31,142.01,83.14,139.91
2020-10-27,181.15,41.82,39.89,156.76,140.05,162.53,170.94,147.71,84.22,139.23
2020-10-28,187.96,46.01,45.52,164.64,153.71,174.58,188.31,163.17,98.32,147.42
2020-10-29,178.6,52.12,62.25,171.96,158.22,184.1,186.96,166.94,95.32,153.77
2020-10-30,216.94,82.1,80.46,258.44,192.0,211.77,218.75,233.28,112.59,185.2
2020-10-31,244.27,134.0,88.15,303.91,216.26,228.04,217.84,263.98,118.17,213.81
2020-11-01,138.47,39.22,33.33,117.93,96.96,129.23,127.93,107.25,66.74,122.38
2020-11-02,176.31,37.96,33.53,145.7,154.6,158.45,159.72,140.01,81.44,136.2
2020-11-03,213.31,48.57,50.67,197.99,173.57,195.04,190.15,174.56,101.03,162.61
2020-11-04,182.55,42.33,45.92,153.02,135.45,157.4,165.59,146.08,85.0,141.34
2020-11-05,181.97,41.51,38.62,149.55,145.43,164.56,161.39,161.39,90.66,140.2
2020-11-06,186.05,51.4,72.02,194.75,183.7,187.97,211.03,211.09,140.69,175.65
2020-11-07,184.71,59.95,51.94,179.89,204.35,187.16,203.27,210.36,153.51,191.81
2020-11-08,151.59,36.88,38.76,123.69,117.2,131.11,142.2,126.18,103.87,134.71
2020-11-09,161.59,40.06,37.88,136.82,135.13,161.0,159.99,163.02,98.86,138.73
2020-11-10,165.73,37.31,35.81,148.49,130.46,160.5,170.92,158.36,107.12,138.26
2020-11-11,162.68,36.53,36.01,140.56,124.98,157.73,162.06,136.83,90.56,132.62
2020-11-12,156.43,40.85,36.41,137.6,129.55,147.45,150.17,143.12,93.86,124.12
2020-11-13,197.58,45.72,51.27,178.66,160.33,181.81,193.36,181.43,117.95,161.96
2020-11-14,165.16,53.31,50.94,153.8,166.75,166.09,174.69,148.59,121.22,162.9
2020-11-15,124.84,26.43,30.25,105.75,83.74,120.07,115.73,92.46,69.33,105.84
2020-11-16,149.94,32.96,29.99,121.56,114.92,149.1,141.61,122.41,77.02,120.06
2020-11-17,148.09,37.01,32.46,152.51,117.07,143.84,148.31,130.33,82.19,121.65
2020-11-18,164.14,36.11,28.18,143.8,114.68,156.96,150.32,125.07,82.29,124.71
2020-11-19,160.51,36.28,35.81,145.64,120.92,160.54,153.9,132.84,87.61,129.86
2020-11-20,192.17,45.72,39.02,164.92,142.71,187.88,180.94,158.65,99.9,155.3
2020-11-21,168.66,40.54,37.22,133.58,124.75,160.15,162.42,142.38,71.01,139.49
2020-11-22,116.75,24.21,23.09,92.35,75.89,117.18,108.69,91.2,40.99,100.23
2020-11-23,153.63,30.54,26.51,122.07,117.91,151.18,141.46,133.58,54.12,120.38
2020-11-24,174.9,29.25,30.72,126.76,119.94,168.71,152.0,141.49,52.3,124.8
2020-11-25,183.95,31.63,39.56,139.72,118.67,183.14,179.74,150.44,57.83,142.26
2020-11-26,89.24,12.52,8.9,42.91,45.41,81.64,63.24,48.89,20.72,79.09
2020-11-27,173.31,26.67,21.08,120.22,111.07,158.1,162.91,123.96,46.65,125.09
2020-11-28,162.23,28.77,21.42,129.66,115.29,166.53,164.59,129.59,52.46,139.93
2020-11-29,125.41,22.75,13.79,85.7,79.05,115.68,119.67,97.41,41.26,108.4
2020-11-30,159.62,26.6,24.16,121.01,109.59,157.32,144.84,130.7,46.87,112.84
2020-12-01,165.48,32.39,26.64,132.51,112.32,149.89,142.58,132.91,51.0,117.65
2020-12-02,192.04,35.02,27.44,136.37,120.63,167.99,159.14,139.13,55.83,128.39
2020-12-03,185.54,32.63,23.56,133.69,124.4,162.6,154.39,140.98,53.67,125.17
2020-12-04,191.91,41.71,25.84,159.94,135.99,182.56,182.67,150.67,65.88,145.56
2020-12-05,169.11,45.44,26.24,150.89,135.05,173.08,174.52,165.9,59.33,149.91
2020-12-06,122.1,26.17,17.2,108.04,82.69,124.61,121.18,84.84,41.21,108.42
2020-12-07,160.19,30.46,22.29,121.28,111.14,155.15,137.78,124.63,49.28,117.86
2020-12-08,170.06,32.68,28.05,129.5,112.45,162.51,155.6,124.63,51.66,121.83
2020-12-09,184.84,33.97,25.77,148.72,118.67,168.38,158.78,137.13,55.52,128.7
2020-12-10,187.71,35.84,26.77,153.8,126.65,173.41,167.53,157.84,55.27,131.37
2020-12-11,209.36,40.91,31.86,179.16,140.76,199.69,192.14,164.13,64.36,161.62
2020-12-12,185.03,38.58,24.9,151.06,124.03,176.68,177.78,136.98,54.14,147.42
2020-12-13,139.81,29.65,20.41,108.6,93.75,128.15,119.92,89.35,42.17,110.87
2020-12-14,155.29,30.23,25.77,136.26,114.1,152.66,145.75,134.62,53.59,116.84
2020-12-15,167.32,32.06,22.82,140.22,120.4,165.5,153.59,134.47,55.27,123.37
2020-12-16,177.58,32.88,25.23,143.3,128.53,167.71,160.85,157.47,56.88,124.79
2020-12-17,177.9,32.73,25.5,144.97,129.59,170.83,164.37,144.08,55.56,124.73
2020-12-18,205.29,36.83,28.45,167.43,147.87,191.33,189.59,168.05,59.73,147.41
2020-12-19,180.32,32.16,21.82,128.99,126.75,167.53,172.48,135.87,52.5,150.08
2020-12-20,147.64,25.29,14.46,111.73,97.98,132.6,126.48,98.22,39.33,112.97
2020-12-21,166.31,29.24,25.23,153.13,136.46,171.38,165.54,148.37,49.13,125.16
2020-12-22,182.87,28.62,24.5,156.7,131.72,180.0,183.19,147.41,51.87,139.29
2020-12-23,203.06,28.94,24.3,162.57,137.85,204.11,205.67,146.97,54.61,147.99
2020-12-24,159.11,20.23,12.85,97.93,84.07,139.74,134.1,97.93,33.09,113.7
2020-12-25,75.41,10.05,6.69,39.94,38.34,67.18,53.97,46.08,16.44,59.33
2020-12-26,128.22,19.12,19.28,99.83,84.54,130.54,127.77,90.9,35.46,110.45
2020-12-27,114.84,18.92,15.06,87.43,76.13,117.55,105.91,81.43,32.47,99.25
2020-12-28,144.9,25.37,18.81,105.08,115.63,143.63,139.04,124.7,40.99,113.1
2020-12-29,161.27,25.73,18.01,119.33,121.14,149.02,148.24,120.04,44.58,118.61
2020-12-30,150.06,27.39,22.69,136.82,137.84,151.59,154.14,144.38,49.8,124.69
2020-12-31,184.97,36.49,39.22,159.72,140.78,163.25,161.4,160.21,48.66,150.98
2021-01-01,98.22,19.63,22.29,80.67,77.64,99.82,87.13,79.59,29.9,85.95
2021-01-02,138.92,24.98,18.27,135.53,120.97,132.77,127.85,124.7,44.29,120.74
2021-01-03,108.22,20.96,18.88,87.65,80.11,111.24,109.02,74.41,38.92,93.2
2021-01-04,137.13,26.63,23.09,124.02,103.26,136.64,134.68,114.79,44.31,116.06
2021-01-05,163.89,27.5,24.83,122.74,112.72,143.73,140.66,120.12,52.22,118.02
2021-01-06,158.41,28.54,25.44,128.04,111.44,144.06,140.08,109.17,48.57,116.41
2021-01-07,150.7,28.33,25.5,136.15,110.32,150.11,139.32,116.72,48.08,118.69
2021-01-08,175.67,32.88,32.2,148.21,130.56,167.01,158.93,140.53,55.18,138.11
2021-01-09,150.25,33.17,33.13,147.26,132.66,160.41,166.87,136.98,56.51,144.4
2021-01-10,123.57,25.05,24.03,106.59,85.58,110.7,116.8,83.36,44.82,99.67
2021-01-11,147.52,32.09,26.31,155.59,106.01,138.17,130.4,119.97,49.25,109.14
2021-01-12,146.43,32.08,26.64,145.64,107.21,133.08,128.33,109.39,51.48,110.12
2021-01-13,158.41,34.38,32.33,130.06,110.77,148.86,137.08,124.48,56.62,117.2
2021-01-14,157.26,38.86,31.53,125.92,115.81,143.1,144.59,128.99,61.65,118.41
2021-01-15,166.31,47.86,43.17,167.37,139.87,165.46,165.69,154.22,77.46,134.86
2021-01-16,153.89,58.21,47.52,165.03,140.66,152.68,154.79,150.59,84.45,136.96
2021-01-17,112.8,47.59,34.27,117.21,92.83,118.99,109.4,107.77,74.9,98.78
2021-01-18,136.75,54.2,43.57,129.66,112.53,135.35,131.59,134.62,81.58,105.6
2021-01-19,139.75,41.4,54.22,144.08,114.57,138.49,127.03,150.96,75.55,106.0
2021-01-20,142.17,38.42,48.26,152.96,116.06,133.32,129.66,153.7,72.08,107.01
2021-01-21,149.62,45.52,40.96,138.88,116.47,147.1,138.09,141.64,71.73,116.13
2021-01-22,176.82,50.65,45.78,146.87,132.64,158.91,158.89,158.43,81.38,136.62
2021-01-23,159.75,53.2,48.59,159.89,155.91,159.74,158.42,174.19,81.8,142.58
2021-01-24,110.25,32.18,25.7,115.03,82.36,106.44,104.56,102.74,54.72,92.87
2021-01-25,138.09,35.99,37.35,113.18,106.12,130.85,116.81,134.76,62.86,105.99
2021-01-26,134.84,35.86,37.75,126.31,119.1,126.25,130.17,137.13,68.89,100.22
2021-01-27,152.8,39.1,38.22,131.62,114.78,135.54,132.06,132.69,63.57,110.32
2021-01-28,151.53,43.44,38.89,126.7,112.16,143.25,131.62,133.28,64.7,109.98
2021-01-29,168.98,49.85,44.98,154.75,141.7,164.89,163.04,186.32,79.65,137.93
2021-01-30,160.51,51.65,46.99,149.27,137.0,151.37,149.84,159.91,72.3,133.71
2021-01-31,108.92,31.4,29.99,98.1,91.48,113.8,99.06,98.52,54.33,87.56
2021-02-01,138.92,35.47,37.88,123.97,107.24,130.65,123.55,126.55,61.32,103.67
2021-02-02,147.83,35.37,33.6,130.06,114.0,133.65,130.52,129.44,74.64,111.97
2021-02-03,151.08,37.16,35.88,141.23,125.99,145.52,137.96,133.8,69.8,119.78
2021-02-04,160.89,37.36,35.34,125.81,115.22,147.8,136.87,119.16,79.9,116.15
2021-02-05,156.88,42.51,38.15,137.09,123.98,161.35,158.88,139.05,86.87,132.03
2021-02-06,163.63,40.84,36.08,142.23,142.05,169.93,159.88,143.86,91.33,145.44
2021-02-07,121.02,29.43,28.45,109.16,94.83,132.14,116.55,103.7,54.44,104.58
2021-02-08,142.68,31.16,33.67,122.18,107.27,127.53,121.55,122.71,61.68,103.65
2021-02-09,155.29,34.54,30.66,122.18,115.14,143.93,137.64,125.37,71.55,117.05
2021-02-10,174.9,34.48,36.14,129.55,113.07,140.39,137.72,133.28,65.71,114.23
2021-02-11,163.69,41.29,37.28,131.96,122.31,151.61,139.85,128.77,73.05,121.88
2021-02-12,186.37,52.63,49.26,167.6,161.37,177.21,173.71,170.49,91.88,148.27
2021-02-13,163.82,48.37,56.83,181.28,186.42,167.92,174.83,161.39,93.37,160.96
2021-02-14,139.04,36.7,32.6,130.89,125.94,142.4,147.96,117.46,74.12,139.83
2021-02-15,133.89,30.6,30.12,106.03,106.38,121.81,114.54,114.87,51.2,95.11
2021-02-16,108.54,29.55,33.27,110.5,119.39,113.3,102.79,123.89,60.14,89.04
2021-02-17,153.06,35.53,28.65,131.28,111.19,133.12,134.68,129.88,66.37,113.03
2021-02-18,162.42,39.73,35.14,127.37,116.7,136.53,132.09,128.48,67.81,114.08
2021-02-19,179.49,49.96,44.65,160.67,145.85,162.05,160.26,164.35,90.23,141.41
2021-02-20,176.88,50.02,43.78,162.01,166.3,164.94,169.23,180.1,99.56,152.78
2021-02-21,124.9,29.66,29.65,99.55,95.98,121.44,116.71,103.99,60.57,106.14
2021-02-22,138.98,32.28,32.66,121.45,112.67,137.99,129.93,118.93,58.77,109.7
2021-02-23,148.03,38.32,31.12,129.39,119.24,137.99,136.44,136.24,74.78,120.25
2021-02-24,152.74,39.48,34.27,128.77,118.46,148.36,146.87,133.88,78.65,123.98
2021-02-25,160.96,39.91,41.37,135.7,131.2,158.36,152.02,144.67,75.96,129.42
2021-02-26,194.65,51.67,59.3,171.45,159.93,177.29,182.03,187.57,99.55,160.34
2021-02-27,180.25,53.49,55.49,204.97,196.72,186.51,198.21,201.63,116.73,177.11
2021-02-28,125.54,29.49,35.61,109.89,99.18,129.63,128.76,114.35,65.13,121.0
2021-03-01,174.33,36.28,36.61,151.34,121.82,151.92,147.97,142.38,61.73,129.92
2021-03-02,173.95,39.96,36.28,134.13,123.56,141.13,142.47,162.28,71.26,128.92
2021-03-03,171.15,43.49,42.1,149.33,131.69,161.18,163.66,171.82,79.89,140.64
2021-03-04,168.98,39.13,35.68,141.4,135.94,158.38,152.81,165.61,76.62,132.43
2021-03-05,194.01,46.67,47.32,171.9,168.23,178.62,185.24,200.67,105.79,166.12
2021-03-06,185.03,47.18,47.46,183.02,206.77,177.53,205.35,232.91,115.04,177.56
2021-03-07,145.86,31.71,29.65,121.73,122.31,130.46,138.59,115.38,70.29,123.6
2021-03-08,171.02,39.92,33.07,137.21,128.76,159.93,157.55,136.02,75.96,136.49
2021-03-09,160.96,47.55,35.68,134.19,138.17,150.7,150.99,166.35,82.95,132.94
2021-03-10,174.2,45.96,39.89,148.16,140.02,167.38,159.75,161.39,83.02,140.71
2021-03-11,173.57,47.71,38.55,139.44,140.0,165.02,163.45,149.26,85.66,144.58
2021-03-12,,,,,,,,,,
2021-03-13,193.12,64.02,56.83,220.84,204.03,198.89,208.89,204.44,122.03,199.26
2021-03-14,160.96,34.26,33.8,132.23,114.28,137.8,143.67,134.91,70.69,141.57
2021-03-15,174.65,37.01,36.28,124.69,115.78,148.08,147.43,130.1,67.48,121.87
2021-03-16,174.01,40.66,43.04,147.6,126.65,154.41,152.88,140.16,71.71,132.94
2021-03-17,196.18,79.52,58.43,222.4,156.23,179.94,177.15,180.92,88.37,171.64
2021-03-18,172.17,40.83,46.32,139.22,140.69,157.58,149.59,155.99,77.51,132.22
2021-03-19,230.96,56.53,56.22,193.18,189.85,190.24,204.69,187.5,112.66,178.95
2021-03-20,193.12,64.71,63.52,201.79,222.73,194.32,219.39,242.97,149.32,207.48
2021-03-21,161.02,41.3,33.8,136.03,141.57,161.62,161.56,153.33,95.8,156.28
2021-03-22,187.45,45.42,47.05,150.28,142.44,168.67,167.75,172.71,87.79,146.51
2021-03-23,175.99,48.53,43.57,169.22,147.13,166.85,165.4,189.2,94.61,143.62
2021-03-24,176.5,45.01,41.77,163.85,151.7,175.77,173.79,174.78,81.3,157.94
2021-03-25,179.62,45.36,46.52,160.78,137.85,170.18,174.11,153.48,85.28,149.77
2021-03-26,199.62,54.4,47.05,163.58,173.62,190.06,194.45,193.71,107.3,176.83
2021-03-27,195.16,53.42,60.24,163.07,213.94,197.93,211.19,215.83,122.24,208.52
2021-03-28,137.9,32.74,28.92,103.97,110.77,133.87,131.0,121.75,71.96,128.66
2021-03-29,184.97,41.07,38.29,148.04,148.98,161.85,167.33,156.14,81.38,148.42
2021-03-30,187.13,43.38,38.29,151.51,159.64,172.68,178.85,181.36,93.35,163.03
2021-03-31,174.78,42.5,40.9,154.86,144.89,182.92,174.34,156.07,80.53,151.73
2021-04-01,189.36,43.56,46.59,149.33,154.75,168.45,170.06,173.82,86.33,159.85
2021-04-02,209.17,49.3,43.91,172.46,186.19,185.5,203.83,205.62,119.25,189.79
2021-04-03,191.08,40.76,38.02,159.55,169.89,177.16,194.63,172.63,139.44,198.22
2021-04-04,126.43,24.76,25.7,100.78,91.52,118.71,114.43,99.19,71.56,133.53
2021-04-05,176.75,38.2,42.44,156.54,143.46,160.2,157.47,151.85,76.57,143.18
2021-04-06,197.9,46.1,47.12,164.64,147.73,182.05,187.76,175.59,103.48,172.97
2021-04-07,208.73,51.57,50.74,156.26,150.17,190.2,190.9,196.52,105.4,183.16
2021-04-08,186.69,48.93,41.43,162.46,148.59,180.63,176.21,169.82,99.59,149.91
2021-04-09,209.68,62.99,53.88,188.1,168.16,195.83,213.34,197.19,143.92,200.98
2021-04-10,207.13,60.1,57.76,181.73,177.3,188.03,216.02,181.51,140.79,203.07
2021-04-11,150.64,38.79,39.36,128.38,114.48,144.24,150.72,126.41,80.21,141.39
2021-04-12,178.41,45.0,40.63,160.56,151.75,162.49,160.56,155.18,82.6,144.47
2021-04-13,201.02,48.6,46.59,164.02,153.38,183.14,184.3,178.92,103.09,160.23
2021-04-14,197.26,48.21,37.75,154.53,152.59,175.26,170.57,167.09,92.78,149.77
2021-04-15,202.93,47.22,41.5,151.51,148.86,167.68,171.88,166.27,93.61,145.88
2021-04-16,209.43,62.65,54.75,195.03,201.92,190.96,200.59,247.86,127.8,180.44
2021-04-17,205.29,69.74,48.73,209.72,234.43,198.89,210.89,254.96,151.84,204.63
2021-04-18,154.33,40.86,33.6,136.82,131.43,151.22,156.63,148.22,90.26,143.75
2021-04-19,193.25,40.87,30.86,139.61,139.95,167.1,160.89,152.29,75.03,142.09
2021-04-20,183.89,44.47,32.93,145.42,145.68,164.46,158.57,154.29,77.65,139.61
2021-04-21,168.92,44.21,38.82,144.25,142.07,161.94,158.54,148.15,81.58,140.63
2021-04-22,175.03,53.34,44.78,156.26,166.89,169.56,175.37,171.15,93.58,150.73
2021-04-23,200.76,67.72,58.3,191.4,205.95,203.3,218.9,226.78,126.76,192.63
2021-04-24,187.52,63.17,60.24,186.98,232.66,195.55,213.86,266.05,130.33,194.74
2021-04-25,144.33,39.9,36.88,130.61,132.46,151.37,162.59,154.22,88.72,147.71
2021-04-26,181.27,40.43,34.74,155.03,152.57,163.19,162.62,178.33,83.23,142.39
2021-04-27,211.02,51.61,40.63,168.1,159.73,184.65,197.71,210.43,109.68,184.32
2021-04-28,202.61,49.03,41.1,159.05,158.08,181.86,183.13,188.46,102.48,156.66
2021-04-29,169.3,52.91,47.66,157.49,165.57,171.2,170.65,188.83,103.93,143.6
2021-04-30,220.96,75.98,57.1,212.96,224.26,215.39,227.67,280.03,145.29,195.53
2021-05-01,235.54,76.33,65.53,210.34,266.01,203.99,234.91,531.36,151.6,228.82
2021-05-02,172.17,50.39,39.49,151.06,166.1,166.49,182.62,462.06,107.16,218.26
2021-05-03,170.38,40.74,36.35,154.97,161.84,165.41,157.87,211.61,78.42,136.24
2021-05-04,181.08,42.78,33.0,153.35,155.76,176.83,180.95,216.42,89.08,155.46
2021-05-05,208.47,46.27,40.83,170.28,169.76,183.51,191.09,253.4,88.91,170.79
2021-05-06,189.68,41.54,51.34,149.11,163.05,192.93,184.45,219.9,81.88,158.61
2021-05-07,223.5,49.01,62.05,199.5,220.65,214.91,232.87,324.48,101.15,198.49
2021-05-08,221.27,47.21,62.58,197.15,220.9,219.91,246.6,541.57,111.99,233.19
2021-05-09,145.03,26.38,35.48,119.5,114.78,139.83,140.09,204.44,57.49,130.36
2021-05-10,183.5,40.69,25.97,140.95,158.95,186.49,184.3,180.1,70.72,152.97
2021-05-11,200.0,45.41,32.66,158.44,168.87,187.64,188.98,201.48,81.52,163.71
2021-05-12,217.13,43.9,32.2,168.27,180.43,208.06,210.11,193.64,81.48,176.7
2021-05-13,222.17,45.78,36.75,175.98,194.42,201.99,211.71,222.12,90.07,182.32
2021-05-14,240.38,51.7,39.69,230.17,223.5,226.57,262.0,282.77,114.79,229.61
2021-05-15,225.67,47.97,61.78,197.15,239.78,225.13,258.21,287.8,116.27,270.61
2021-05-16,185.48,37.28,33.07,143.97,139.28,172.1,165.12,171.82,74.51,169.07
2021-05-17,206.56,41.93,32.06,150.78,170.53,199.43,201.45,200.44,83.52,165.23
2021-05-18,214.9,45.64,34.67,166.93,179.82,208.43,210.93,198.08,88.0,184.08
2021-05-19,207.83,44.16,31.12,168.72,172.13,208.76,216.52,183.51,92.49,182.54
2021-05-20,226.18,47.31,34.0,176.87,192.67,215.2,228.59,199.78,93.82,195.86
2021-05-21,255.29,54.03,46.25,215.81,240.71,245.61,275.43,280.4,121.11,252.02
2021-05-22,229.94,53.04,47.26,210.11,268.15,229.8,268.7,323.22,136.86,293.01
2021-05-23,172.8,33.84,25.44,126.54,144.66,163.32,175.27,147.19,73.91,156.41
2021-05-24,203.18,42.17,30.25,164.47,174.31,196.92,201.43,204.29,80.71,176.0
2021-05-25,206.43,45.35,31.26,160.95,182.69,201.51,212.58,202.81,87.52,183.64
2021-05-26,199.87,45.43,34.2,174.53,186.64,190.83,206.6,221.6,80.14,172.53
2021-05-27,202.17,47.63,31.66,175.08,182.29,209.04,224.89,195.78,90.27,186.76
2021-05-28,204.78,44.78,40.43,195.2,202.55,197.47,208.08,209.99,84.6,191.81
2021-05-29,211.46,41.82,48.53,199.94,231.5,208.27,229.04,291.12,115.36,284.05
2021-05-30,185.22,34.85,28.38,143.41,152.74,190.55,179.55,244.08,91.82,219.82
2021-05-31,150.32,29.96,27.58,126.54,123.84,157.88,146.19,184.69,75.01,183.46
2021-06-01,216.75,47.3,31.99,162.91,179.42,205.02,214.8,196.01,90.05,180.16
2021-06-02,223.31,44.07,31.46,166.37,185.37,204.83,204.97,194.75,83.6,165.59
2021-06-03,251.72,47.94,33.8,193.91,210.52,221.09,232.13,233.06,101.34,202.93
2021-06-04,271.4,60.38,50.13,230.95,261.16,254.69,271.75,324.56,125.85,260.47
2021-06-05,269.68,52.1,37.75,224.19,285.28,258.54,272.1,377.88,132.46,310.04
2021-06-06,188.79,37.04,30.92,142.12,155.19,201.72,195.77,244.97,86.71,192.63
2021-06-07,218.28,44.27,27.58,173.41,171.62,200.13,204.17,218.64,85.38,174.38
2021-06-08,211.21,45.51,33.47,175.42,184.07,201.73,211.29,220.41,88.04,176.23
2021-06-09,222.48,50.29,34.4,186.76,192.0,223.63,225.73,216.12,95.11,209.89
2021-06-10,248.47,53.85,40.16,194.19,207.73,230.46,243.43,261.32,99.85,213.76
2021-06-11,260.45,54.67,39.02,236.7,250.99,254.61,280.36,307.84,129.43,266.94
2021-06-12,249.3,53.81,41.5,239.55,265.52,238.93,273.02,328.99,132.0,297.13
2021-06-13,210.25,40.86,29.12,162.51,154.42,200.98,197.33,232.84,97.68,213.27
2021-06-14,208.85,47.88,33.8,185.14,200.66,197.55,218.58,265.01,89.89,177.22
2021-06-15,240.89,48.71,35.61,187.43,195.88,210.96,238.96,254.59,96.44,191.64
2021-06-16,237.64,55.86,35.41,178.83,217.59,221.9,247.92,249.93,102.12,197.55
2021-06-17,254.46,55.16,44.11,196.98,215.91,225.76,260.58,268.64,109.41,209.93
2021-06-18,262.48,63.13,42.5,239.16,258.64,243.45,283.28,306.36,133.2,244.01
2021-06-19,257.96,58.55,35.41,203.07,237.58,213.41,270.02,293.49,124.92,279.69
2021-06-20,164.14,34.6,26.1,120.0,131.35,166.99,173.89,150.15,80.72,170.39
2021-06-21,220.38,46.78,31.26,188.44,181.32,207.14,219.35,250.0,91.13,181.14
2021-06-22,221.91,47.63,35.94,180.84,195.18,208.52,241.43,272.26,103.94,190.97
2021-06-23,225.16,50.12,34.07,181.84,196.17,215.68,237.68,256.66,100.94,201.89
2021-06-24,223.69,48.83,40.23,200.95,196.15,222.12,241.84,235.8,105.39,212.65
2021-06-25,228.47,54.82,46.39,226.59,250.96,210.09,239.4,274.93,113.68,234.59
2021-06-26,208.79,45.95,42.9,198.1,251.34,210.04,234.9,289.42,127.06,259.4
2021-06-27,188.66,38.87,32.6,146.65,153.04,177.71,190.5,218.27,87.88,200.5
2021-06-28,222.17,46.84,36.88,174.75,183.75,208.32,221.72,247.34,95.5,194.05
2021-06-29,217.39,45.26,37.22,175.53,192.74,207.1,220.11,240.46,94.84,186.79
2021-06-30,247.9,50.56,36.95,188.49,202.72,225.63,241.97,247.93,101.63,201.6
2021-07-01,241.21,50.18,36.81,198.44,211.26,224.43,249.33,281.43,114.64,213.4
2021-07-02,256.43,49.17,42.1,217.88,233.74,238.76,266.98,310.43,123.71,273.81
2021-07-03,213.76,39.24,29.32,182.01,238.51,206.37,222.91,307.1,110.98,284.69
2021-07-04,188.66,30.46,25.9,119.94,136.63,177.01,156.1,459.84,71.55,211.36
2021-07-05,170.57,36.39,33.73,142.85,145.38,178.54,176.82,269.3,83.81,166.18
2021-07-06,216.62,46.79,32.73,191.45,191.97,210.81,227.24,303.03,99.81,189.09
2021-07-07,204.59,47.08,36.95,198.27,199.95,203.73,221.88,282.47,97.11,187.78
2021-07-08,219.87,51.43,40.63,199.78,212.74,215.06,240.18,293.71,107.36,197.63
2021-07-09,270.06,58.66,48.59,243.3,285.22,262.01,287.27,340.61,147.23,271.87
2021-07-10,243.31,55.74,38.49,205.25,266.13,234.8,262.85,350.52,148.71,306.26
2021-07-11,170.19,36.82,31.06,136.42,154.39,166.35,167.64,205.84,79.93,157.84
2021-07-12,220.32,48.3,55.15,170.67,194.19,207.92,219.79,266.05,93.11,181.44
2021-07-13,218.85,48.45,42.3,191.28,214.15,210.15,221.9,264.64,95.92,180.38
2021-07-14,230.25,52.66,42.7,194.58,237.05,220.94,251.83,270.19,123.59,201.23
2021-07-15,225.41,51.2,37.82,206.93,225.57,212.08,247.08,266.2,143.73,210.7
2021-07-16,252.74,54.14,52.88,216.54,291.78,208.73,240.14,324.04,143.17,203.38
2021-07-17,242.1,57.77,45.31,228.88,285.38,234.21,281.95,368.12,233.57,342.56
2021-07-18,184.14,43.02,28.38,154.69,160.16,185.24,193.57,251.41,107.97,216.74
2021-07-19,215.8,52.58,44.58,183.35,190.96,210.77,221.75,268.12,107.66,204.83
2021-07-20,217.13,50.44,34.2,192.91,207.29,212.69,235.62,278.99,108.18,202.2
2021-07-21,225.48,54.29,36.95,189.94,222.5,216.22,245.66,285.5,111.75,216.1
2021-07-22,217.83,54.48,40.76,195.36,224.4,219.39,248.76,280.18,112.81,224.29
2021-07-23,260.13,57.06,43.78,215.59,273.24,221.55,264.09,314.42,133.44,239.1
2021-07-24,223.69,55.58,51.81,213.97,281.35,209.34,257.48,333.06,135.45,247.4
2021-07-25,188.66,40.58,39.42,141.4,149.73,184.98,193.8,253.03,103.46,211.35
2021-07-26,213.76,47.56,37.88,189.16,188.88,203.86,226.3,260.8,98.59,191.51
2021-07-27,222.8,47.91,36.68,194.47,194.88,206.16,226.27,267.97,108.29,196.42
2021-07-28,230.57,51.94,34.27,192.4,192.86,212.64,235.72,258.28,103.37,202.23
2021-07-29,241.91,50.35,42.5,193.74,209.34,204.08,233.66,275.52,107.83,218.79
2021-07-30,256.88,59.62,51.61,242.51,262.55,233.03,272.16,352.74,136.87,273.27
2021-07-31,258.09,51.75,41.1,215.81,257.07,214.5,273.04,367.01,139.02,326.4
2021-08-01,160.38,45.04,30.52,144.25,155.07,172.6,183.09,240.61,95.11,200.94
2021-08-02,214.97,55.62,39.96,178.6,189.42,217.58,221.66,281.29,103.95,192.71
2021-08-03,218.73,54.25,42.7,204.36,195.3,213.08,231.15,327.29,108.15,205.2
2021-08-04,226.11,53.62,38.62,195.42,195.5,206.09,230.78,288.98,106.85,209.1
2021-08-05,225.67,51.58,43.24,220.5,205.46,206.35,229.45,295.93,112.28,210.86
2021-08-06,241.85,63.44,63.59,237.09,271.3,222.84,267.74,364.87,129.5,271.87
2021-08-07,232.99,61.59,45.18,203.35,278.01,225.89,260.3,654.81,139.92,299.11
2021-08-08,158.66,46.12,32.13,151.12,152.7,169.52,174.11,210.95,93.95,209.11
2021-08-09,220.96,52.47,41.03,192.96,183.89,192.69,203.86,241.27,99.38,176.23
2021-08-10,217.71,51.39,32.66,187.6,204.1,203.45,230.95,244.97,101.89,242.21
2021-08-11,235.03,54.83,39.29,185.31,197.66,205.54,231.27,240.24,100.54,188.9
2021-08-12,237.83,59.11,43.71,214.86,215.19,224.72,248.0,279.73,115.97,209.2
2021-08-13,266.05,68.4,56.63,227.15,288.09,241.68,287.01,329.66,139.9,350.07
2021-08-14,281.46,65.52,55.02,233.46,304.57,229.26,294.71,362.28,145.9,347.9
2021-08-15,172.68,49.15,50.33,149.94,160.27,174.3,209.54,237.72,112.08,223.86
2021-08-16,209.68,63.7,41.83,186.37,206.03,204.17,215.65,258.14,114.1,180.28
2021-08-17,211.97,70.79,45.58,184.53,198.47,210.52,229.08,263.39,122.42,212.11
2021-08-18,243.38,70.04,45.52,191.34,207.54,217.2,229.17,251.04,121.17,214.96
2021-08-19,267.32,74.63,53.41,194.97,230.39,217.44,249.55,283.36,132.99,222.02
2021-08-20,295.54,80.74,67.67,259.11,278.23,236.51,297.94,337.65,157.79,267.88
2021-08-21,263.76,77.86,63.39,251.4,285.23,227.38,333.12,373.82,169.26,298.4
2021-08-22,176.05,71.23,67.07,171.06,172.78,173.91,182.04,308.8,144.7,180.41
2021-08-23,225.73,102.18,80.39,186.2,203.91,200.3,217.04,416.35,195.28,184.98
2021-08-24,215.99,95.34,78.78,218.32,200.54,213.23,223.67,437.06,237.68,191.67
2021-08-25,247.58,115.51,140.5,222.57,223.0,215.04,233.74,497.12,327.83,194.37
2021-08-26,237.01,180.36,122.22,254.64,237.1,217.31,237.18,428.7,455.0,207.44
2021-08-27,278.73,287.91,204.22,335.08,384.96,221.38,257.97,572.19,585.22,290.42
2021-08-28,270.0,417.62,317.54,358.27,360.64,219.35,266.53,557.99,601.94,318.99
2021-08-29,190.0,428.51,256.96,231.06,169.98,170.77,186.02,416.42,519.81,183.68
2021-08-30,229.55,578.09,546.45,303.18,238.86,203.43,218.81,750.44,824.57,206.7
2021-08-31,240.32,625.67,417.07,320.39,230.17,214.39,232.5,646.01,667.14,207.19
2021-09-01,228.47,804.98,274.9,497.04,217.99,215.44,231.59,485.36,511.83,229.25
2021-09-02,235.16,635.46,242.84,418.27,223.42,222.45,249.99,451.85,524.99,234.08
2021-09-03,248.73,439.84,150.2,348.94,252.87,227.14,298.23,449.04,502.24,248.91
2021-09-04,215.1,202.4,88.22,273.8,240.32,202.12,276.8,363.68,563.25,247.4
2021-09-05,162.68,147.42,85.54,195.75,167.91,180.48,252.31,326.92,286.66,205.71
2021-09-06,161.72,163.96,76.71,161.73,139.8,159.67,202.27,233.8,201.15,149.38
2021-09-07,214.08,426.75,161.71,302.63,180.17,208.12,215.85,321.23,355.65,196.62
2021-09-08,220.83,480.76,167.2,305.08,209.38,208.97,245.2,335.28,364.35,204.36
2021-09-09,224.97,356.72,156.22,278.72,207.86,199.59,229.35,328.62,360.42,205.33
2021-09-10,256.69,349.51,130.66,344.64,266.25,231.73,284.37,401.04,460.8,275.27
2021-09-11,247.07,465.69,168.67,438.16,294.17,235.52,266.58,452.59,603.37,298.22
2021-09-12,146.5,238.71,63.19,173.13,161.29,172.01,181.66,209.39,219.04,258.98
2021-09-13,226.31,316.17,116.73,256.87,194.42,194.34,194.9,256.43,274.26,181.32
2021-09-14,204.14,287.48,113.65,239.94,191.33,203.14,219.91,262.5,251.92,190.87
2021-09-15,226.82,298.94,122.69,222.51,209.36,206.59,223.71,265.38,249.55,202.39
2021-09-16,230.76,278.58,114.06,245.14,234.74,211.96,226.71,294.01,276.27,208.31
2021-09-17,268.22,290.89,108.3,306.76,314.75,242.14,272.46,391.2,340.6,262.78
2021-09-18,273.18,236.56,103.41,323.35,382.19,236.49,277.6,464.28,419.48,297.9
2021-09-19,167.2,124.33,59.97,159.44,208.28,169.0,186.15,204.96,206.23,202.46
2021-09-20,201.27,204.1,90.09,193.35,186.76,188.95,198.76,255.55,217.03,238.09
2021-09-21,206.94,212.45,85.01,198.21,180.66,197.77,195.29,229.44,198.82,194.75
2021-09-22,198.28,199.46,98.93,199.55,200.07,187.95,184.41,233.06,188.78,163.62
2021-09-23,201.97,184.35,91.7,207.77,198.49,203.21,209.48,231.95,239.03,184.12
2021-09-24,274.84,250.1,124.3,313.3,326.98,243.21,283.29,351.11,362.83,283.34
2021-09-25,236.11,459.94,160.78,368.99,394.89,228.8,269.96,362.94,471.32,301.94
2021-09-26,146.88,132.56,66.2,172.79,204.17,163.52,203.62,179.96,194.45,254.48
2021-09-27,202.87,191.89,83.13,197.04,207.59,207.25,212.66,222.12,200.76,184.48
2021-09-28,219.3,194.31,93.98,207.26,219.04,196.46,208.3,252.88,202.16,185.07
2021-09-29,203.89,209.64,88.76,206.54,223.98,208.43,224.09,227.51,209.54,192.54
2021-09-30,215.61,196.44,95.78,214.41,266.7,205.98,224.09,248.45,230.11,205.48
2021-10-01,260.13,258.54,89.76,278.44,332.38,250.48,278.11,342.53,281.22,267.85
2021-10-02,251.02,492.86,105.82,264.75,385.55,241.2,273.28,347.12,249.32,260.67
2021-10-03,154.08,113.02,56.96,156.93,208.65,151.07,156.52,161.17,142.07,150.28
2021-10-04,191.78,145.01,66.8,183.13,167.39,184.67,188.89,203.99,133.44,179.76
2021-10-05,208.79,165.0,75.77,193.85,178.78,192.92,200.73,212.13,178.53,170.95
2021-10-06,218.22,167.22,68.07,192.18,189.05,193.28,206.55,220.19,185.9,177.42
2021-10-07,229.11,181.01,88.15,207.65,187.74,206.46,221.37,223.74,206.44,188.94
2021-10-08,249.68,184.21,80.79,300.22,256.8,240.65,252.15,339.57,292.83,237.46
2021-10-09,237.71,163.41,91.9,391.12,335.4,248.3,272.71,468.2,329.15,302.41
2021-10-10,148.03,94.28,49.26,165.2,171.57,156.57,173.04,195.93,163.56,186.85
2021-10-11,195.48,141.78,67.54,190.11,178.63,190.06,198.15,208.36,174.1,170.37
2021-10-12,203.31,160.08,55.62,192.07,170.98,209.82,201.29,220.04,172.55,178.01
2021-10-13,211.21,160.36,71.08,216.26,197.11,204.61,222.46,218.86,182.34,183.03
2021-10-14,212.87,160.77,91.63,215.03,191.99,203.63,222.2,224.93,195.92,206.08
2021-10-15,263.06,167.17,130.99,280.34,283.35,221.97,246.89,323.3,198.66,245.02
2021-10-16,233.31,146.2,276.77,505.25,314.84,240.24,279.75,483.43,174.07,302.22
2021-10-17,146.24,93.78,72.69,187.71,178.7,178.78,178.54,184.25,113.3,302.57
